"Station Name","HAMILTON A"
"Province","ONTARIO"
"Latitude","43.17"
"Longitude","-79.94"
"Elevation","237.70"
"Climate Identifier","6153193"
"WMO Identifier","71263"
"TC Identifier","YHM"
"All times are specified in Local Standard Time (LST). Add 1 hour to adjust for Daylight Saving Time where and when it is observed."
"Legend"
"E","Estimated"
"M","Missing"
"NA","Not Available"
"‡","Partner data that is not subject to review by the National Climate Archives"
"Date/Time","Year","Month","Day","Time","Data Quality","Temp (°C)","Temp Flag","Dew Point Temp (°C)","Dew Point Temp Flag","Rel Hum (%)","Rel Hum Flag","Wind Dir (10s deg)","Wind Dir Flag","Wind Spd (km/h)","Wind Spd Flag","Visibility (km)","Visibility Flag","Stn Press (kPa)","Stn Press Flag","Hmdx","Hmdx Flag","Wind Chill","Wind Chill Flag","Weather"
"2014-02-01 00:00","2014","02","01","00:00","‡","-2.0","","-3.4","","90","","21","","9","","9.7","","99.13","","","","-5","","Fog"
"2014-02-01 01:00","2014","02","01","01:00","‡","-1.8","","-3.2","","90","","22","","11","","8.1","","99.18","","","","-6","","Fog"
"2014-02-01 02:00","2014","02","01","02:00","‡","-1.7","","-3.3","","89","","21","","12","","8.1","","99.16","","","","-6","","Fog"
"2014-02-01 03:00","2014","02","01","03:00","‡","-1.9","","-3.3","","90","","22","","9","","9.7","","99.19","","","","-5","","Snow Showers,Fog"
"2014-02-01 04:00","2014","02","01","04:00","‡","-2.8","","-4.1","","91","","19","","8","","8.1","","99.18","","","","-6","","Snow Showers,Fog"
"2014-02-01 05:00","2014","02","01","05:00","‡","-2.9","","-3.9","","93","","16","","10","","4.0","","99.21","","","","-7","","Snow Showers,Fog"
"2014-02-01 06:00","2014","02","01","06:00","‡","-3.2","","-4.0","","94","","16","","9","","4.0","","99.19","","","","-7","","Snow Showers,Fog"
"2014-02-01 07:00","2014","02","01","07:00","‡","-3.2","","-4.0","","94","","14","","9","","3.2","","99.13","","","","-7","","Snow Showers,Blowing Snow"
"2014-02-01 08:00","2014","02","01","08:00","‡","-3.0","","-3.7","","95","","13","","8","","2.0","","99.09","","","","-6","","Snow Showers,Fog"
"2014-02-01 09:00","2014","02","01","09:00","‡","-2.6","","-3.3","","95","","13","","8","","1.6","","99.09","","","","-6","","Snow Showers,Fog"
"2014-02-01 10:00","2014","02","01","10:00","‡","-2.2","","-3.0","","94","","12","","10","","2.0","","99.04","","","","-6","","Snow,Fog"
"2014-02-01 11:00","2014","02","01","11:00","‡","-1.8","","-2.8","","93","","9","","9","","1.6","","98.93","","","","-5","","Snow,Fog"
"2014-02-01 12:00","2014","02","01","12:00","‡","-1.2","","-2.2","","93","","9","","9","","1.0","","98.81","","","","-4","","Snow,Fog"
"2014-02-01 13:00","2014","02","01","13:00","‡","-0.9","","-1.8","","94","","10","","10","","1.0","","98.65","","","","-4","","Snow,Fog"
"2014-02-01 14:00","2014","02","01","14:00","‡","-0.7","","-1.6","","94","","9","","11","","2.0","","98.47","","","","-4","","Snow,Fog"
"2014-02-01 15:00","2014","02","01","15:00","‡","-0.3","","-1.0","","95","","13","","12","","2.0","","98.29","","","","-4","","Snow,Fog"
"2014-02-01 16:00","2014","02","01","16:00","‡","0.0","","-0.7","","95","","15","","12","","2.4","","98.17","","","","-4","","Rain,Snow,Fog"
"2014-02-01 17:00","2014","02","01","17:00","‡","0.2","","-0.5","","95","","22","","4","","1.6","","98.18","","","","","","Snow,Fog"
"2014-02-01 18:00","2014","02","01","18:00","‡","0.3","","-0.3","","96","","24","","5","","2.4","","98.11","","","","","","Rain,Snow,Fog"
"2014-02-01 19:00","2014","02","01","19:00","‡","0.8","","0.2","","96","","20","","16","","3.2","","98.11","","","","","","Rain,Fog"
"2014-02-01 20:00","2014","02","01","20:00","‡","1.7","","1.1","","96","","22","","24","","4.8","","98.08","","","","","","Rain,Fog"
"2014-02-01 21:00","2014","02","01","21:00","‡","2.3","","1.4","","94","","23","","31","","8.1","","98.05","","","","","","Rain,Fog"
"2014-02-01 22:00","2014","02","01","22:00","‡","1.5","","0.5","","93","","24","","24","","11.3","","98.09","","","","","","Rain,Snow"
"2014-02-01 23:00","2014","02","01","23:00","‡","0.4","","-0.3","","95","","24","","21","","3.2","","98.15","","","","","","Snow"
"2014-02-02 00:00","2014","02","02","00:00","‡","0.2","","-0.4","","96","","24","","15","","4.0","","98.17","","","","","","Snow"
"2014-02-02 01:00","2014","02","02","01:00","‡","0.1","","-0.5","","96","","26","","11","","3.2","","98.25","","","","","","Snow"
"2014-02-02 02:00","2014","02","02","02:00","‡","0.1","","-0.5","","96","","28","","9","","3.2","","98.32","","","","","","Snow"
"2014-02-02 03:00","2014","02","02","03:00","‡","-0.1","","-1.1","","93","","28","","9","","9.7","","98.40","","","","-3","","Fog"
"2014-02-02 04:00","2014","02","02","04:00","‡","-1.1","","-3.2","","86","","31","","13","","9.7","","98.48","","","","-5","","Fog"
"2014-02-02 05:00","2014","02","02","05:00","‡","-2.3","","-4.3","","86","","30","","18","","9.7","","98.52","","","","-8","","Fog"
"2014-02-02 06:00","2014","02","02","06:00","‡","-2.9","","-4.9","","86","","30","","15","","9.7","","98.61","","","","-8","","Fog"
"2014-02-02 07:00","2014","02","02","07:00","‡","-3.2","","-5.2","","86","","30","","13","","12.9","","98.68","","","","-8","","Mostly Cloudy"
"2014-02-02 08:00","2014","02","02","08:00","‡","-3.3","","-5.5","","85","","32","","9","","19.3","","98.73","","","","-7","","NA"
"2014-02-02 09:00","2014","02","02","09:00","‡","-3.2","","-5.4","","85","","32","","12","","24.1","","98.81","","","","-8","","NA"
"2014-02-02 10:00","2014","02","02","10:00","‡","-3.0","","-5.2","","85","","30","","10","","24.1","","98.87","","","","-7","","Cloudy"
"2014-02-02 11:00","2014","02","02","11:00","‡","-2.9","","-4.9","","86","","28","","6","","24.1","","98.88","","","","-5","","NA"
"2014-02-02 12:00","2014","02","02","12:00","‡","-2.6","","-4.8","","85","","28","","15","","19.3","","98.90","","","","-8","","NA"
"2014-02-02 13:00","2014","02","02","13:00","‡","-2.8","","-5.8","","80","","29","","16","","24.1","","98.88","","","","-8","","Cloudy"
"2014-02-02 14:00","2014","02","02","14:00","‡","-3.2","","-6.0","","81","","27","","16","","24.1","","98.96","","","","-9","","NA"
"2014-02-02 15:00","2014","02","02","15:00","‡","-3.5","","-7.1","","76","","29","","13","","24.1","","98.92","","","","-8","","NA"
"2014-02-02 16:00","2014","02","02","16:00","‡","-4.4","","-8.0","","76","","30","","20","","24.1","","99.01","","","","-11","","Mostly Cloudy"
"2014-02-02 17:00","2014","02","02","17:00","‡","-5.0","","-8.4","","77","","28","","21","","24.1","","99.14","","","","-12","","NA"
"2014-02-02 18:00","2014","02","02","18:00","‡","-5.4","","-9.0","","76","","28","","14","","24.1","","99.24","","","","-11","","NA"
"2014-02-02 19:00","2014","02","02","19:00","‡","-5.7","","-8.9","","78","","28","","14","","24.1","","99.30","","","","-11","","Cloudy"
"2014-02-02 20:00","2014","02","02","20:00","‡","-6.0","","-8.9","","80","","28","","12","","19.3","","99.35","","","","-11","","Snow Showers"
"2014-02-02 21:00","2014","02","02","21:00","‡","-6.5","","-9.9","","77","","30","","12","","24.1","","99.38","","","","-12","","Snow Showers"
"2014-02-02 22:00","2014","02","02","22:00","‡","-7.7","","-11.2","","76","","30","","14","","24.1","","99.43","","","","-14","","Mainly Clear"
"2014-02-02 23:00","2014","02","02","23:00","‡","-8.4","","-11.7","","77","","30","","9","","24.1","","99.42","","","","-13","","NA"
"2014-02-03 00:00","2014","02","03","00:00","‡","-8.7","","-11.7","","79","","29","","11","","24.1","","99.45","","","","-14","","NA"
"2014-02-03 01:00","2014","02","03","01:00","‡","-9.2","","-12.0","","80","","30","","9","","24.1","","99.42","","","","-14","","Mostly Cloudy"
"2014-02-03 02:00","2014","02","03","02:00","‡","-9.3","","-12.0","","81","","28","","6","","24.1","","99.44","","","","-13","","NA"
"2014-02-03 03:00","2014","02","03","03:00","‡","-10.1","","-12.2","","85","","24","","3","","24.1","","99.49","","","","-12","","NA"
"2014-02-03 04:00","2014","02","03","04:00","‡","-10.6","","-12.7","","85","","30","","5","","24.1","","99.49","","","","-14","","Mostly Cloudy"
"2014-02-03 05:00","2014","02","03","05:00","‡","-10.4","","-12.3","","86","","35","","8","","24.1","","99.44","","","","-15","","NA"
"2014-02-03 06:00","2014","02","03","06:00","‡","-10.1","","-12.2","","85","","36","","12","","24.1","","99.45","","","","-16","","NA"
"2014-02-03 07:00","2014","02","03","07:00","‡","-9.8","","-12.2","","83","","1","","11","","24.1","","99.47","","","","-15","","Mostly Cloudy"
"2014-02-03 08:00","2014","02","03","08:00","‡","-9.6","","-12.4","","80","","1","","11","","24.1","","99.54","","","","-15","","NA"
"2014-02-03 09:00","2014","02","03","09:00","‡","-9.8","","-12.6","","80","","34","","4","","24.1","","99.64","","","","-12","","NA"
"2014-02-03 10:00","2014","02","03","10:00","‡","-8.4","","-11.9","","76","","36","","6","","24.1","","99.62","","","","-12","","Mainly Clear"
"2014-02-03 11:00","2014","02","03","11:00","‡","-7.1","","-12.1","","68","","2","","9","","24.1","","99.69","","","","-11","","NA"
"2014-02-03 12:00","2014","02","03","12:00","‡","-6.3","","-12.2","","63","","14","","4","","24.1","","99.68","","","","-8","","NA"
"2014-02-03 13:00","2014","02","03","13:00","‡","-5.7","","-11.9","","62","","22","","3","","24.1","","99.62","","","","-7","","Mainly Clear"
"2014-02-03 14:00","2014","02","03","14:00","‡","-5.1","","-11.3","","62","","27","","12","","24.1","","99.58","","","","-10","","NA"
"2014-02-03 15:00","2014","02","03","15:00","‡","-5.1","","-11.9","","59","","27","","10","","24.1","","99.59","","","","-9","","NA"
"2014-02-03 16:00","2014","02","03","16:00","‡","-5.4","","-13.6","","53","","28","","13","","24.1","","99.66","","","","-11","","Mainly Clear"
"2014-02-03 17:00","2014","02","03","17:00","‡","-6.2","","-14.3","","53","","28","","13","","24.1","","99.71","","","","-12","","NA"
"2014-02-03 18:00","2014","02","03","18:00","‡","-7.7","","-14.4","","59","","29","","12","","24.1","","99.76","","","","-13","","NA"
"2014-02-03 19:00","2014","02","03","19:00","‡","-9.0","","-14.3","","66","","28","","8","","24.1","","99.83","","","","-13","","Clear"
"2014-02-03 20:00","2014","02","03","20:00","‡","-10.4","","-14.0","","75","","29","","6","","24.1","","99.82","","","","-14","","NA"
"2014-02-03 21:00","2014","02","03","21:00","‡","-11.0","","-14.0","","79","","27","","3","","24.1","","99.81","","","","-13","","NA"
"2014-02-03 22:00","2014","02","03","22:00","‡","-13.1","","-15.1","","85","","26","","6","","24.1","","99.84","","","","-17","","Clear"
"2014-02-03 23:00","2014","02","03","23:00","‡","-14.1","","-16.0","","86","","26","","8","","24.1","","99.90","","","","-19","","NA"
"2014-02-04 00:00","2014","02","04","00:00","‡","-14.3","","-16.3","","85","","26","","8","","24.1","","99.92","","","","-20","","NA"
"2014-02-04 01:00","2014","02","04","01:00","‡","-14.2","","-15.9","","87","","24","","5","","24.1","","99.94","","","","-18","","Clear"
"2014-02-04 02:00","2014","02","04","02:00","‡","-15.1","","-16.9","","86","","25","","8","","24.1","","99.98","","","","-20","","NA"
"2014-02-04 03:00","2014","02","04","03:00","‡","-15.6","","-17.6","","85","","23","","6","","24.1","","99.99","","","","-20","","NA"
"2014-02-04 04:00","2014","02","04","04:00","‡","-15.8","","-17.9","","84","","23","","7","","24.1","","100.03","","","","-21","","Mainly Clear"
"2014-02-04 05:00","2014","02","04","05:00","‡","-14.6","","-16.6","","85","","24","","6","","24.1","","100.02","","","","-19","","NA"
"2014-02-04 06:00","2014","02","04","06:00","‡","-14.8","","-16.9","","84","","26","","6","","24.1","","100.05","","","","-19","","NA"
"2014-02-04 07:00","2014","02","04","07:00","‡","-14.9","","-17.2","","83","","25","","6","","19.3","","100.11","","","","-19","","Mostly Cloudy"
"2014-02-04 08:00","2014","02","04","08:00","‡","-15.6","","-17.9","","83","","24","","6","","12.9","","100.18","","","","-20","","NA"
"2014-02-04 09:00","2014","02","04","09:00","‡","-14.3","","-16.4","","84","","23","","5","","16.1","","100.17","","","","-18","","NA"
"2014-02-04 10:00","2014","02","04","10:00","‡","-11.6","","-13.5","","86","","24","","6","","16.1","","100.19","","","","-15","","Mostly Cloudy"
"2014-02-04 11:00","2014","02","04","11:00","‡","-10.3","","-12.1","","87","","24","","7","","16.1","","100.22","","","","-14","","NA"
"2014-02-04 12:00","2014","02","04","12:00","‡","-8.9","","-10.8","","86","","20","","4","","12.9","","100.13","","","","-11","","NA"
"2014-02-04 13:00","2014","02","04","13:00","‡","-7.9","","-11.1","","78","","36","","2","","16.1","","100.00","","","","-9","","Cloudy"
"2014-02-04 14:00","2014","02","04","14:00","‡","-6.9","","-11.7","","69","","36","","2","","24.1","","99.90","","","","-8","","NA"
"2014-02-04 15:00","2014","02","04","15:00","‡","-6.3","","-11.7","","66","","14","","4","","24.1","","99.91","","","","-8","","NA"
"2014-02-04 16:00","2014","02","04","16:00","‡","-6.1","","-11.7","","65","","11","","7","","16.1","","99.85","","","","-9","","Cloudy"
"2014-02-04 17:00","2014","02","04","17:00","‡","-6.2","","-11.6","","66","","10","","5","","12.9","","99.87","","","","-9","","NA"
"2014-02-04 18:00","2014","02","04","18:00","‡","-6.2","","-10.5","","72","","8","","10","","12.9","","99.84","","","","-11","","NA"
"2014-02-04 19:00","2014","02","04","19:00","‡","-6.3","","-9.7","","77","","7","","9","","12.9","","99.85","","","","-11","","Cloudy"
"2014-02-04 20:00","2014","02","04","20:00","‡","-6.2","","-9.9","","75","","6","","12","","12.9","","99.79","","","","-11","","NA"
"2014-02-04 21:00","2014","02","04","21:00","‡","-6.1","","-9.8","","75","","5","","17","","16.1","","99.66","","","","-12","","NA"
"2014-02-04 22:00","2014","02","04","22:00","‡","-5.5","","-9.3","","75","","5","","22","","16.1","","99.48","","","","-13","","Cloudy"
"2014-02-04 23:00","2014","02","04","23:00","‡","-5.5","","-8.3","","81","","6","","21","","1.6","","99.53","","","","-12","","Snow"
"2014-02-05 00:00","2014","02","05","00:00","‡","-5.8","","-7.3","","89","","6","","21","","2.0","","99.42","","","","-13","","Snow"
"2014-02-05 01:00","2014","02","05","01:00","‡","-6.2","","-7.7","","89","","7","","21","","2.8","","99.25","","","","-13","","Snow"
"2014-02-05 02:00","2014","02","05","02:00","‡","-5.6","","-7.0","","90","","6","","27","","3.2","","99.04","","","","-13","","Snow"
"2014-02-05 03:00","2014","02","05","03:00","‡","-5.2","","-6.7","","89","","6","","29","","3.2","","99.06","","","","-13","","Snow"
"2014-02-05 04:00","2014","02","05","04:00","‡","-5.8","","-7.3","","89","","8","","33","","1.6","","98.89","","","","-14","","Snow"
"2014-02-05 05:00","2014","02","05","05:00","‡","-5.6","","-7.1","","89","","7","","33","","2.8","","98.85","","","","-14","","Snow,Blowing Snow"
"2014-02-05 06:00","2014","02","05","06:00","‡","-4.7","","-6.0","","91","","6","","42","","2.8","","98.58","","","","-14","","Snow,Blowing Snow"
"2014-02-05 07:00","2014","02","05","07:00","‡","-6.3","","-7.5","","91","","3","","37","","2.4","","98.44","","","","-16","","Snow,Blowing Snow"
"2014-02-05 08:00","2014","02","05","08:00","‡","-5.3","","-6.4","","92","","4","","48","","0.8","","98.20","","","","-15","","Snow,Blowing Snow,Freezing Fog"
"2014-02-05 09:00","2014","02","05","09:00","‡","-5.0","","-6.3","","91","","4","","42","","0.2","","98.22","","","","-14","","Moderate Snow,Blowing Snow,Freezing Fog"
"2014-02-05 10:00","2014","02","05","10:00","‡","-6.5","","-8.0","","89","","1","","28","","0.2","","98.27","","","","-15","","Moderate Snow,Blowing Snow,Freezing Fog"
"2014-02-05 11:00","2014","02","05","11:00","‡","-7.0","","-8.7","","88","","2","","37","","0.2","","98.13","","","","-16","","Moderate Snow,Blowing Snow"
"2014-02-05 12:00","2014","02","05","12:00","‡","-7.0","","-9.0","","86","","2","","34","","0.0","","98.11","","","","-16","","Heavy Snow,Blowing Snow"
"2014-02-05 13:00","2014","02","05","13:00","‡","-7.2","","-9.2","","86","","1","","34","","0.2","","98.10","","","","-16","","Heavy Snow,Blowing Snow"
"2014-02-05 14:00","2014","02","05","14:00","‡","-7.2","","-9.5","","84","","36","","33","","0.2","","98.21","","","","-16","","Moderate Snow,Blowing Snow"
"2014-02-05 15:00","2014","02","05","15:00","‡","-7.7","","-10.1","","83","","36","","31","","0.8","","98.36","","","","-17","","Moderate Snow,Blowing Snow"
"2014-02-05 16:00","2014","02","05","16:00","‡","-7.6","","-10.3","","81","","36","","26","","2.0","","98.52","","","","-16","","Snow,Blowing Snow"
"2014-02-05 17:00","2014","02","05","17:00","‡","-7.5","","-11.4","","74","","36","","23","","9.7","","98.72","","","","-15","","Snow,Blowing Snow"
"2014-02-05 18:00","2014","02","05","18:00","‡","-7.9","","-11.3","","77","","34","","17","","9.7","","98.90","","","","-15","","Snow,Blowing Snow"
"2014-02-05 19:00","2014","02","05","19:00","‡","-8.3","","-12.0","","75","","31","","12","","24.1","","99.03","","","","-14","","Snow Showers"
"2014-02-05 20:00","2014","02","05","20:00","‡","-10.5","","-14.8","","71","","33","","18","","24.1","","99.22","","","","-18","","NA"
"2014-02-05 21:00","2014","02","05","21:00","‡","-11.7","","-16.1","","70","","34","","18","","24.1","","99.33","","","","-20","","NA"
"2014-02-05 22:00","2014","02","05","22:00","‡","-12.8","","-17.2","","70","","32","","12","","24.1","","99.44","","","","-19","","Clear"
"2014-02-05 23:00","2014","02","05","23:00","‡","-13.1","","-17.1","","72","","32","","8","","24.1","","99.49","","","","-18","","NA"
"2014-02-06 00:00","2014","02","06","00:00","‡","-14.4","","-17.9","","75","","27","","9","","24.1","","99.60","","","","-20","","NA"
"2014-02-06 01:00","2014","02","06","01:00","‡","-14.6","","-17.3","","80","","31","","9","","24.1","","99.54","","","","-20","","Mostly Cloudy"
"2014-02-06 02:00","2014","02","06","02:00","‡","-15.3","","-18.0","","80","","28","","9","","24.1","","99.57","","","","-21","","NA"
"2014-02-06 03:00","2014","02","06","03:00","‡","-18.9","","-21.3","","82","","24","","6","","24.1","","99.61","","","","-24","","NA"
"2014-02-06 04:00","2014","02","06","04:00","‡","-17.9","","-19.8","","85","","23","","6","","24.1","","99.64","","","","-23","","Mainly Clear"
"2014-02-06 05:00","2014","02","06","05:00","‡","-19.6","","-21.9","","82","","26","","10","","24.1","","99.66","","","","-27","","NA"
"2014-02-06 06:00","2014","02","06","06:00","‡","-17.3","","-19.7","","82","","23","","7","","24.1","","99.67","","","","-23","","Snow Showers"
"2014-02-06 07:00","2014","02","06","07:00","‡","-16.1","","-18.5","","82","","22","","10","","24.1","","99.68","","","","-23","","Snow Showers"
"2014-02-06 08:00","2014","02","06","08:00","‡","-15.2","","-17.6","","82","","24","","7","","16.1","","99.72","","","","-20","","Snow Showers"
"2014-02-06 09:00","2014","02","06","09:00","‡","-14.1","","-16.4","","83","","20","","9","","16.1","","99.72","","","","-20","","Snow Showers"
"2014-02-06 10:00","2014","02","06","10:00","‡","-12.2","","-14.4","","84","","21","","13","","16.1","","99.70","","","","-19","","Snow Showers"
"2014-02-06 11:00","2014","02","06","11:00","‡","-10.2","","-14.0","","74","","23","","17","","24.1","","99.70","","","","-17","","NA"
"2014-02-06 12:00","2014","02","06","12:00","‡","-9.1","","-14.2","","67","","25","","28","","24.1","","99.64","","","","-18","","Snow Showers,Blowing Snow"
"2014-02-06 13:00","2014","02","06","13:00","‡","-9.4","","-13.7","","71","","25","","24","","12.9","","99.52","","","","-18","","Snow Showers"
"2014-02-06 14:00","2014","02","06","14:00","‡","-9.7","","-14.4","","69","","24","","26","","9.7","","99.50","","","","-19","","Snow Showers,Blowing Snow"
"2014-02-06 15:00","2014","02","06","15:00","‡","-9.4","","-14.3","","68","","25","","32","","24.1","","99.46","","","","-19","","Snow Showers,Blowing Snow"
"2014-02-06 16:00","2014","02","06","16:00","‡","-9.4","","-14.5","","67","","24","","21","","24.1","","99.43","","","","-17","","Mainly Clear"
"2014-02-06 17:00","2014","02","06","17:00","‡","-9.4","","-12.9","","76","","22","","26","","9.7","","99.37","","","","-18","","Snow Showers,Blowing Snow"
"2014-02-06 18:00","2014","02","06","18:00","‡","-9.3","","-11.8","","82","","22","","25","","6.4","","99.33","","","","-18","","Snow Showers,Blowing Snow"
"2014-02-06 19:00","2014","02","06","19:00","‡","-8.9","","-11.3","","83","","22","","24","","8.1","","99.29","","","","-17","","Snow Showers,Blowing Snow"
"2014-02-06 20:00","2014","02","06","20:00","‡","-8.6","","-10.4","","87","","23","","22","","2.0","","99.24","","","","-16","","Snow Showers,Blowing Snow"
"2014-02-06 21:00","2014","02","06","21:00","‡","-8.6","","-10.7","","85","","24","","33","","2.0","","99.24","","","","-18","","Snow Showers,Blowing Snow"
"2014-02-06 22:00","2014","02","06","22:00","‡","-9.9","","-13.9","","73","","24","","32","","24.1","","99.24","","","","-20","","Blowing Snow"
"2014-02-06 23:00","2014","02","06","23:00","‡","-11.1","","-14.4","","77","","24","","26","","24.1","","99.27","","","","-20","","Blowing Snow"
"2014-02-07 00:00","2014","02","07","00:00","‡","-10.9","","-14.3","","76","","24","","26","","11.3","","99.30","","","","-20","","Snow Showers,Blowing Snow"
"2014-02-07 01:00","2014","02","07","01:00","‡","-11.7","","-14.8","","78","","25","","21","","4.8","","99.33","","","","-20","","Snow Showers,Blowing Snow"
"2014-02-07 02:00","2014","02","07","02:00","‡","-12.1","","-14.9","","80","","24","","19","","9.7","","99.34","","","","-20","","Snow Showers,Blowing Snow"
"2014-02-07 03:00","2014","02","07","03:00","‡","-12.6","","-15.4","","80","","23","","23","","4.0","","99.38","","","","-22","","Snow Showers,Blowing Snow"
"2014-02-07 04:00","2014","02","07","04:00","‡","-13.4","","-17.1","","74","","24","","24","","11.3","","99.41","","","","-23","","Snow Showers,Blowing Snow"
"2014-02-07 05:00","2014","02","07","05:00","‡","-14.1","","-17.8","","74","","23","","21","","24.1","","99.40","","","","-23","","Blowing Snow"
"2014-02-07 06:00","2014","02","07","06:00","‡","-13.7","","-17.9","","71","","23","","25","","24.1","","99.42","","","","-24","","Blowing Snow"
"2014-02-07 07:00","2014","02","07","07:00","‡","-13.7","","-17.9","","71","","25","","28","","24.1","","99.46","","","","-24","","Blowing Snow"
"2014-02-07 08:00","2014","02","07","08:00","‡","-13.9","","-17.1","","77","","23","","31","","9.7","","99.47","","","","-25","","Snow,Blowing Snow"
"2014-02-07 09:00","2014","02","07","09:00","‡","-14.2","","-17.4","","77","","24","","21","","12.9","","99.52","","","","-23","","Snow,Blowing Snow"
"2014-02-07 10:00","2014","02","07","10:00","‡","-14.1","","-17.8","","74","","23","","30","","16.1","","99.52","","","","-25","","Snow,Blowing Snow"
"2014-02-07 11:00","2014","02","07","11:00"
"2014-02-07 12:00","2014","02","07","12:00","‡","-12.8","","-17.2","","70","","23","","35","","12.9","","99.46","","","","-24","","Snow,Blowing Snow"
"2014-02-07 13:00","2014","02","07","13:00","‡","-12.9","","-17.3","","70","","23","","34","","12.9","","99.40","","","","-24","","Snow,Blowing Snow"
"2014-02-07 14:00","2014","02","07","14:00","‡","-12.5","","-16.9","","70","","23","","33","","12.9","","99.38","","","","-23","","Snow,Blowing Snow"
"2014-02-07 15:00","2014","02","07","15:00","‡","-12.2","","-17.0","","68","","24","","39","","16.1","","99.40","","","","-24","","Blowing Snow"
"2014-02-07 16:00","2014","02","07","16:00","‡","-12.3","","-16.7","","70","","23","","33","","12.9","","99.44","","","","-23","","Blowing Snow"
"2014-02-07 17:00","2014","02","07","17:00","‡","-12.9","","-17.1","","71","","23","","31","","16.1","","99.45","","","","-23","","Blowing Snow"
"2014-02-07 18:00","2014","02","07","18:00","‡","-13.6","","-17.3","","74","","22","","35","","11.3","","99.49","","","","-25","","Blowing Snow"
"2014-02-07 19:00","2014","02","07","19:00","‡","-14.0","","-17.4","","76","","23","","25","","24.1","","99.54","","","","-24","","Snow Showers,Blowing Snow"
"2014-02-07 20:00","2014","02","07","20:00","‡","-14.0","","-17.5","","75","","23","","28","","24.1","","99.54","","","","-24","","Snow Showers,Blowing Snow"
"2014-02-07 21:00","2014","02","07","21:00","‡","-14.2","","-17.9","","74","","23","","28","","24.1","","99.55","","","","-25","","Blowing Snow"
"2014-02-07 22:00","2014","02","07","22:00","‡","-14.7","","-19.0","","70","","24","","27","","24.1","","99.56","","","","-25","","Blowing Snow"
"2014-02-07 23:00","2014","02","07","23:00","‡","-15.2","","-20.4","","65","","24","","26","","24.1","","99.55","","","","-26","","Blowing Snow"
"2014-02-08 00:00","2014","02","08","00:00","‡","-15.6","","-21.0","","64","","24","","23","","24.1","","99.54","","","","-26","","Blowing Snow"
"2014-02-08 01:00","2014","02","08","01:00","‡","-16.2","","-21.4","","65","","23","","22","","24.1","","99.54","","","","-26","","Blowing Snow"
"2014-02-08 02:00","2014","02","08","02:00","‡","-16.3","","-21.3","","66","","24","","23","","24.1","","99.56","","","","-26","","Blowing Snow"
"2014-02-08 03:00","2014","02","08","03:00","‡","-16.9","","-21.7","","67","","23","","19","","24.1","","99.58","","","","-26","","Blowing Snow"
"2014-02-08 04:00","2014","02","08","04:00","‡","-17.2","","-21.8","","68","","23","","18","","24.1","","99.57","","","","-26","","Blowing Snow"
"2014-02-08 05:00","2014","02","08","05:00","‡","-17.1","","-21.5","","69","","23","","18","","24.1","","99.60","","","","-26","","Blowing Snow"
"2014-02-08 06:00","2014","02","08","06:00","‡","-18.0","","-21.9","","72","","23","","15","","24.1","","99.61","","","","-27","","NA"
"2014-02-08 07:00","2014","02","08","07:00","‡","-19.2","","-22.0","","79","","23","","13","","24.1","","99.59","","","","-27","","Clear"
"2014-02-08 08:00","2014","02","08","08:00","‡","-19.8","","-22.3","","81","","23","","12","","24.1","","99.64","","","","-28","","NA"
"2014-02-08 09:00","2014","02","08","09:00","‡","-18.9","","-21.8","","78","","23","","14","","24.1","","99.67","","","","-27","","NA"
"2014-02-08 10:00","2014","02","08","10:00","‡","-15.5","","-19.8","","70","","24","","14","","24.1","","99.67","","","","-23","","Mostly Cloudy"
"2014-02-08 11:00","2014","02","08","11:00","‡","-13.4","","-18.5","","66","","25","","14","","24.1","","99.63","","","","-21","","NA"
"2014-02-08 12:00","2014","02","08","12:00","‡","-12.1","","-17.2","","66","","23","","15","","24.1","","99.57","","","","-19","","NA"
"2014-02-08 13:00","2014","02","08","13:00","‡","-11.3","","-16.5","","66","","26","","20","","24.1","","99.48","","","","-20","","Mostly Cloudy"
"2014-02-08 14:00","2014","02","08","14:00","‡","-11.0","","-16.2","","66","","24","","14","","24.1","","99.39","","","","-18","","NA"
"2014-02-08 15:00","2014","02","08","15:00","‡","-10.4","","-15.4","","67","","25","","16","","24.1","","99.40","","","","-17","","NA"
"2014-02-08 16:00","2014","02","08","16:00","‡","-10.0","","-15.2","","66","","25","","17","","24.1","","99.41","","","","-17","","Cloudy"
"2014-02-08 17:00","2014","02","08","17:00","‡","-10.3","","-15.1","","68","","25","","14","","24.1","","99.38","","","","-17","","NA"
"2014-02-08 18:00","2014","02","08","18:00","‡","-11.2","","-14.8","","75","","24","","10","","24.1","","99.37","","","","-17","","NA"
"2014-02-08 19:00","2014","02","08","19:00","‡","-11.5","","-14.5","","79","","23","","9","","19.3","","99.36","","","","-17","","Snow Showers"
"2014-02-08 20:00","2014","02","08","20:00","‡","-12.0","","-14.5","","82","","25","","6","","14.5","","99.32","","","","-16","","Snow Showers"
"2014-02-08 21:00","2014","02","08","21:00","‡","-13.6","","-15.8","","84","","22","","8","","19.3","","99.35","","","","-19","","Snow Showers"
"2014-02-08 22:00","2014","02","08","22:00","‡","-12.4","","-14.4","","85","","24","","4","","8.1","","99.34","","","","-15","","Snow"
"2014-02-08 23:00","2014","02","08","23:00","‡","-11.8","","-13.7","","86","","23","","7","","4.8","","99.32","","","","-16","","Snow"
"2014-02-09 00:00","2014","02","09","00:00","‡","-11.6","","-13.5","","86","","22","","8","","8.1","","99.33","","","","-16","","Snow"
"2014-02-09 01:00","2014","02","09","01:00","‡","-12.3","","-14.2","","86","","22","","7","","9.7","","99.29","","","","-17","","Snow Showers"
"2014-02-09 02:00","2014","02","09","02:00","‡","-13.3","","-15.0","","87","","18","","6","","9.7","","99.24","","","","-17","","Snow Showers"
"2014-02-09 03:00","2014","02","09","03:00","‡","-14.1","","-16.0","","86","","16","","3","","9.7","","99.18","","","","-16","","Snow Showers"
"2014-02-09 04:00","2014","02","09","04:00","‡","-14.4","","-16.4","","85","","17","","7","","6.4","","99.17","","","","-19","","Snow Showers"
"2014-02-09 05:00","2014","02","09","05:00","‡","-13.3","","-15.3","","85","","18","","9","","9.7","","99.13","","","","-19","","Snow Showers"
"2014-02-09 06:00","2014","02","09","06:00","‡","-12.8","","-14.8","","85","","18","","7","","9.7","","99.09","","","","-17","","Snow Showers"
"2014-02-09 07:00","2014","02","09","07:00","‡","-12.3","","-14.2","","86","","17","","6","","9.7","","99.08","","","","-16","","Snow"
"2014-02-09 08:00","2014","02","09","08:00","‡","-11.6","","-13.5","","86","","13","","9","","4.0","","99.04","","","","-17","","Snow"
"2014-02-09 09:00","2014","02","09","09:00","‡","-11.0","","-12.8","","87","","14","","10","","3.2","","98.96","","","","-16","","Snow"
"2014-02-09 10:00","2014","02","09","10:00","‡","-10.6","","-12.4","","87","","13","","8","","6.4","","98.92","","","","-15","","Snow"
"2014-02-09 11:00","2014","02","09","11:00","‡","-10.2","","-11.8","","88","","10","","11","","1.6","","98.80","","","","-16","","Snow"
"2014-02-09 12:00","2014","02","09","12:00","‡","-9.9","","-11.7","","87","","5","","7","","2.0","","98.71","","","","-14","","Snow"
"2014-02-09 13:00","2014","02","09","13:00","‡","-9.6","","-11.4","","87","","5","","5","","1.2","","98.63","","","","-12","","Snow"
"2014-02-09 14:00","2014","02","09","14:00","‡","-9.0","","-11.5","","82","","6","","4","","3.2","","98.57","","","","-11","","Snow"
"2014-02-09 15:00","2014","02","09","15:00","‡","-8.8","","-11.3","","82","","36","","1","","2.8","","98.57","","","","-9","","Snow"
"2014-02-09 16:00","2014","02","09","16:00","‡","-8.5","","-10.9","","83","","26","","8","","1.6","","98.61","","","","-13","","Snow"
"2014-02-09 17:00","2014","02","09","17:00","‡","-9.1","","-12.1","","79","","27","","10","","4.8","","98.66","","","","-14","","Snow Showers"
"2014-02-09 18:00","2014","02","09","18:00","‡","-9.7","","-12.4","","81","","29","","8","","8.1","","98.72","","","","-14","","Snow Showers"
"2014-02-09 19:00","2014","02","09","19:00","‡","-11.8","","-13.6","","87","","26","","9","","14.5","","98.84","","","","-17","","Snow Showers"
"2014-02-09 20:00","2014","02","09","20:00","‡","-13.1","","-14.7","","88","","26","","13","","19.3","","98.90","","","","-20","","NA"
"2014-02-09 21:00","2014","02","09","21:00","‡","-13.0","","-14.9","","86","","27","","14","","19.3","","98.97","","","","-20","","NA"
"2014-02-09 22:00","2014","02","09","22:00","‡","-14.8","","-16.7","","86","","26","","14","","19.3","","98.98","","","","-22","","Clear"
"2014-02-09 23:00","2014","02","09","23:00","‡","-15.4","","-17.4","","85","","25","","13","","24.1","","99.03","","","","-23","","NA"
"2014-02-10 00:00","2014","02","10","00:00","‡","-16.2","","-18.2","","85","","25","","14","","16.1","","99.07","","","","-24","","NA"
"2014-02-10 01:00","2014","02","10","01:00","‡","-15.8","","-17.8","","85","","27","","9","","16.1","","99.07","","","","-22","","Clear"
"2014-02-10 02:00","2014","02","10","02:00","‡","-17.2","","-19.3","","84","","25","","10","","12.9","","99.06","","","","-24","","NA"
"2014-02-10 03:00","2014","02","10","03:00","‡","-17.3","","-19.4","","84","","25","","9","","12.9","","99.07","","","","-24","","NA"
"2014-02-10 04:00","2014","02","10","04:00","‡","-15.3","","-17.4","","84","","23","","10","","4.0","","99.12","","","","-22","","Snow Showers"
"2014-02-10 05:00","2014","02","10","05:00","‡","-14.9","","-17.0","","84","","25","","9","","6.4","","99.13","","","","-21","","Snow Showers"
"2014-02-10 06:00","2014","02","10","06:00","‡","-15.1","","-17.4","","83","","25","","10","","8.1","","99.16","","","","-21","","Snow Showers"
"2014-02-10 07:00","2014","02","10","07:00","‡","-15.3","","-17.6","","83","","24","","13","","8.1","","99.19","","","","-23","","Snow Showers"
"2014-02-10 08:00","2014","02","10","08:00","‡","-15.2","","-17.5","","83","","26","","11","","12.9","","99.27","","","","-22","","Snow Showers"
"2014-02-10 09:00","2014","02","10","09:00","‡","-15.1","","-17.4","","83","","26","","11","","12.9","","99.34","","","","-22","","NA"
"2014-02-10 10:00","2014","02","10","10:00","‡","-12.2","","-14.2","","85","","28","","10","","16.1","","99.38","","","","-18","","Mainly Clear"
"2014-02-10 11:00","2014","02","10","11:00","‡","-10.6","","-12.8","","84","","28","","13","","24.1","","99.43","","","","-17","","NA"
"2014-02-10 12:00","2014","02","10","12:00","‡","-8.5","","-14.2","","64","","30","","19","","24.1","","99.43","","","","-16","","NA"
"2014-02-10 13:00","2014","02","10","13:00","‡","-8.4","","-15.7","","56","","29","","18","","24.1","","99.38","","","","-15","","Mainly Clear"
"2014-02-10 14:00","2014","02","10","14:00","‡","-7.8","","-16.3","","51","","28","","19","","24.1","","99.34","","","","-15","","NA"
"2014-02-10 15:00","2014","02","10","15:00","‡","-8.5","","-16.0","","55","","26","","18","","24.1","","99.37","","","","-16","","NA"
"2014-02-10 16:00","2014","02","10","16:00","‡","-9.3","","-16.8","","55","","26","","19","","24.1","","99.44","","","","-17","","Mostly Cloudy"
"2014-02-10 17:00","2014","02","10","17:00","‡","-10.4","","-16.8","","60","","27","","17","","24.1","","99.51","","","","-18","","NA"
"2014-02-10 18:00","2014","02","10","18:00","‡","-11.6","","-17.5","","62","","27","","13","","24.1","","99.57","","","","-18","","NA"
"2014-02-10 19:00","2014","02","10","19:00","‡","-12.3","","-17.1","","68","","29","","13","","24.1","","99.64","","","","-19","","Mainly Clear"
"2014-02-10 20:00","2014","02","10","20:00","‡","-13.6","","-17.8","","71","","27","","9","","24.1","","99.67","","","","-19","","NA"
"2014-02-10 21:00","2014","02","10","21:00","‡","-13.1","","-17.5","","70","","31","","8","","24.1","","99.69","","","","-18","","NA"
"2014-02-10 22:00","2014","02","10","22:00","‡","-13.2","","-17.2","","72","","29","","6","","24.1","","99.73","","","","-17","","Mostly Cloudy"
"2014-02-10 23:00","2014","02","10","23:00","‡","-12.7","","-16.9","","71","","29","","5","","24.1","","99.74","","","","-16","","NA"
"2014-02-11 00:00","2014","02","11","00:00","‡","-14.0","","-17.1","","78","","22","","10","","24.1","","99.78","","","","-20","","NA"
"2014-02-11 01:00","2014","02","11","01:00","‡","-14.1","","-16.8","","80","","25","","8","","24.1","","99.76","","","","-19","","Cloudy"
"2014-02-11 02:00","2014","02","11","02:00","‡","-13.9","","-16.8","","79","","26","","8","","24.1","","99.78","","","","-19","","NA"
"2014-02-11 03:00","2014","02","11","03:00","‡","-13.5","","-16.3","","80","","27","","9","","24.1","","99.81","","","","-19","","NA"
"2014-02-11 04:00","2014","02","11","04:00","‡","-13.9","","-16.5","","81","","27","","7","","24.1","","99.83","","","","-19","","Cloudy"
"2014-02-11 05:00","2014","02","11","05:00","‡","-13.8","","-16.2","","82","","27","","7","","24.1","","99.86","","","","-18","","NA"
"2014-02-11 06:00","2014","02","11","06:00","‡","-13.6","","-16.2","","81","","28","","6","","24.1","","99.90","","","","-18","","Snow Showers"
"2014-02-11 07:00","2014","02","11","07:00","‡","-13.8","","-16.4","","81","","26","","9","","24.1","","99.95","","","","-19","","Snow Showers"
"2014-02-11 08:00","2014","02","11","08:00","‡","-13.7","","-16.5","","80","","27","","10","","24.1","","100.04","","","","-20","","NA"
"2014-02-11 09:00","2014","02","11","09:00","‡","-13.0","","-16.2","","77","","28","","8","","24.1","","100.07","","","","-18","","NA"
"2014-02-11 10:00","2014","02","11","10:00","‡","-11.8","","-17.5","","63","","29","","13","","24.1","","100.13","","","","-18","","Cloudy"
"2014-02-11 11:00","2014","02","11","11:00","‡","-11.6","","-18.5","","57","","30","","16","","19.3","","100.18","","","","-19","","NA"
"2014-02-11 12:00","2014","02","11","12:00","‡","-11.4","","-18.5","","56","","31","","20","","24.1","","100.20","","","","-20","","NA"
"2014-02-11 13:00","2014","02","11","13:00","‡","-11.2","","-18.4","","56","","27","","16","","24.1","","100.18","","","","-18","","Snow Showers"
"2014-02-11 14:00","2014","02","11","14:00","‡","-11.2","","-18.6","","55","","25","","12","","24.1","","100.14","","","","-17","","Snow Showers"
"2014-02-11 15:00","2014","02","11","15:00","‡","-11.3","","-18.7","","55","","27","","18","","24.1","","100.15","","","","-19","","NA"
"2014-02-11 16:00","2014","02","11","16:00","‡","-11.1","","-18.7","","54","","30","","15","","24.1","","100.19","","","","-18","","Mainly Clear"
"2014-02-11 17:00","2014","02","11","17:00","‡","-11.9","","-19.0","","56","","29","","11","","24.1","","100.23","","","","-18","","NA"
"2014-02-11 18:00","2014","02","11","18:00","‡","-13.0","","-19.4","","59","","29","","7","","24.1","","100.25","","","","-18","","NA"
"2014-02-11 19:00","2014","02","11","19:00","‡","-14.2","","-19.6","","64","","29","","7","","24.1","","100.30","","","","-19","","Clear"
"2014-02-11 20:00","2014","02","11","20:00","‡","-14.6","","-19.5","","67","","30","","9","","24.1","","100.33","","","","-20","","NA"
"2014-02-11 21:00","2014","02","11","21:00","‡","-16.6","","-20.4","","73","","31","","4","","24.1","","100.31","","","","-20","","NA"
"2014-02-11 22:00","2014","02","11","22:00","‡","-17.3","","-20.0","","80","","28","","3","","24.1","","100.33","","","","-20","","Clear"
"2014-02-11 23:00","2014","02","11","23:00","‡","-17.1","","-19.8","","80","","36","","2","","24.1","","100.33","","","","-19","","NA"
"2014-02-12 00:00","2014","02","12","00:00","‡","-17.2","","-19.4","","83","","13","","7","","24.1","","100.24","","","","-22","","NA"
"2014-02-12 01:00","2014","02","12","01:00","‡","-19.8","","-22.1","","82","","18","","9","","24.1","","100.25","","","","-27","","Clear"
"2014-02-12 02:00","2014","02","12","02:00","‡","-19.2","","-21.4","","83","","23","","4","","24.1","","100.23","","","","-23","","NA"
"2014-02-12 03:00","2014","02","12","03:00","‡","-19.7","","-22.2","","81","","23","","6","","24.1","","100.22","","","","-25","","NA"
"2014-02-12 04:00","2014","02","12","04:00","‡","-18.9","","-21.4","","81","","","","","M","24.1","","100.18","","","","","","Clear"
"2014-02-12 05:00","2014","02","12","05:00","‡","-18.4","","-20.8","","82","","13","","4","","24.1","","100.15","","","","-22","","NA"
"2014-02-12 06:00","2014","02","12","06:00","‡","-18.3","","-20.5","","83","","17","","4","","24.1","","100.15","","","","-22","","NA"
"2014-02-12 07:00","2014","02","12","07:00","‡","-20.1","","-22.7","","80","","20","","6","","24.1","","100.17","","","","-25","","Mainly Clear"
"2014-02-12 08:00","2014","02","12","08:00","‡","-20.5","","-23.3","","79","","17","","9","","24.1","","100.13","","","","-27","","NA"
"2014-02-12 09:00","2014","02","12","09:00","‡","-18.4","","-21.1","","80","","13","","9","","24.1","","100.05","","","","-25","","NA"
"2014-02-12 10:00","2014","02","12","10:00","‡","-16.3","","-19.0","","80","","16","","9","","24.1","","100.01","","","","-22","","Mainly Clear"
"2014-02-12 11:00","2014","02","12","11:00","‡","-14.4","","-17.4","","78","","18","","9","","24.1","","100.05","","","","-20","","NA"
"2014-02-12 12:00","2014","02","12","12:00","‡","-12.6","","-17.5","","67","","14","","4","","24.1","","99.89","","","","-15","","NA"
"2014-02-12 13:00","2014","02","12","13:00","‡","-10.9","","-17.9","","57","","21","","5","","24.1","","99.78","","","","-14","","Mainly Clear"
"2014-02-12 14:00","2014","02","12","14:00","‡","-9.9","","-17.3","","55","","10","","5","","24.1","","99.62","","","","-13","","NA"
"2014-02-12 15:00","2014","02","12","15:00","‡","-9.5","","-17.6","","52","","13","","10","","24.1","","99.50","","","","-15","","NA"
"2014-02-12 16:00","2014","02","12","16:00","‡","-9.4","","-17.3","","53","","11","","5","","24.1","","99.40","","","","-12","","Mainly Clear"
"2014-02-12 17:00","2014","02","12","17:00","‡","-10.4","","-18.0","","54","","4","","9","","24.1","","99.33","","","","-15","","NA"
"2014-02-12 18:00","2014","02","12","18:00","‡","-10.9","","-18.3","","55","","5","","8","","24.1","","99.27","","","","-16","","NA"
"2014-02-12 19:00","2014","02","12","19:00","‡","-11.8","","-17.5","","63","","5","","5","","24.1","","99.26","","","","-15","","Mostly Cloudy"
"2014-02-12 20:00","2014","02","12","20:00","‡","-12.4","","-17.5","","66","","8","","3","","24.1","","99.26","","","","-14","","NA"
"2014-02-12 21:00","2014","02","12","21:00","‡","-14.0","","-18.0","","72","","20","","4","","24.1","","99.27","","","","-17","","NA"
"2014-02-12 22:00","2014","02","12","22:00","‡","-14.9","","-18.7","","73","","31","","9","","24.1","","99.20","","","","-21","","Mostly Cloudy"
"2014-02-12 23:00","2014","02","12","23:00","‡","-13.2","","-17.2","","72","","19","","4","","24.1","","99.16","","","","-16","","NA"
"2014-02-13 00:00","2014","02","13","00:00","‡","-15.2","","-18.4","","77","","25","","4","","24.1","","99.14","","","","-18","","NA"
"2014-02-13 01:00","2014","02","13","01:00","‡","-14.5","","-18.3","","73","","36","","3","","24.1","","99.07","","","","-17","","Mostly Cloudy"
"2014-02-13 02:00","2014","02","13","02:00","‡","-12.9","","-18.2","","65","","17","","8","","24.1","","98.99","","","","-18","","NA"
"2014-02-13 03:00","2014","02","13","03:00","‡","-12.8","","-17.4","","69","","36","","3","","24.1","","98.93","","","","-15","","NA"
"2014-02-13 04:00","2014","02","13","04:00","‡","-13.2","","-17.8","","69","","1","","3","","24.1","","98.98","","","","-15","","Mainly Clear"
"2014-02-13 05:00","2014","02","13","05:00","‡","-15.4","","-19.2","","73","","3","","9","","24.1","","98.97","","","","-21","","NA"
"2014-02-13 06:00","2014","02","13","06:00","‡","-14.2","","-18.4","","71","","3","","10","","24.1","","98.87","","","","-20","","NA"
"2014-02-13 07:00","2014","02","13","07:00","‡","-13.0","","-17.7","","68","","3","","10","","24.1","","98.80","","","","-19","","Mainly Clear"
"2014-02-13 08:00","2014","02","13","08:00","‡","-13.3","","-18.0","","68","","6","","10","","24.1","","98.77","","","","-19","","NA"
"2014-02-13 09:00","2014","02","13","09:00","‡","-12.3","","-15.7","","76","","4","","10","","24.1","","98.68","","","","-18","","NA"
"2014-02-13 10:00","2014","02","13","10:00","‡","-9.2","","-13.2","","73","","4","","11","","24.1","","98.59","","","","-15","","Mainly Clear"
"2014-02-13 11:00","2014","02","13","11:00","‡","-6.8","","-11.0","","72","","5","","18","","19.3","","98.54","","","","-13","","NA"
"2014-02-13 12:00","2014","02","13","12:00","‡","-5.4","","-9.5","","73","","5","","28","","24.1","","98.40","","","","-13","","NA"
"2014-02-13 13:00","2014","02","13","13:00","‡","-4.1","","-9.2","","68","","6","","26","","24.1","","98.26","","","","-11","","Mostly Cloudy"
"2014-02-13 14:00","2014","02","13","14:00","‡","-3.7","","-8.4","","70","","5","","28","","24.1","","98.09","","","","-11","","NA"
"2014-02-13 15:00","2014","02","13","15:00","‡","-3.9","","-8.2","","72","","5","","33","","24.1","","97.99","","","","-12","","NA"
"2014-02-13 16:00","2014","02","13","16:00","‡","-4.0","","-8.0","","74","","4","","29","","24.1","","97.88","","","","-12","","Mostly Cloudy"
"2014-02-13 17:00","2014","02","13","17:00","‡","-4.1","","-7.4","","78","","4","","30","","24.1","","97.78","","","","-12","","NA"
"2014-02-13 18:00","2014","02","13","18:00","‡","-4.2","","-7.0","","81","","5","","24","","24.1","","97.71","","","","-11","","NA"
"2014-02-13 19:00","2014","02","13","19:00","‡","-4.3","","-6.6","","84","","6","","25","","24.1","","97.67","","","","-11","","Cloudy"
"2014-02-13 20:00","2014","02","13","20:00","‡","-4.4","","-6.9","","83","","6","","21","","22.5","","97.59","","","","-11","","NA"
"2014-02-13 21:00","2014","02","13","21:00","‡","-4.3","","-6.8","","83","","6","","15","","19.3","","97.49","","","","-10","","NA"
"2014-02-13 22:00","2014","02","13","22:00","‡","-4.4","","-6.7","","84","","7","","21","","19.3","","97.37","","","","-11","","Cloudy"
"2014-02-13 23:00","2014","02","13","23:00","‡","-4.4","","-6.7","","84","","7","","6","","24.1","","97.32","","","","-7","","NA"
"2014-02-14 00:00","2014","02","14","00:00","‡","-4.8","","-7.1","","84","","9","","6","","19.3","","97.20","","","","-8","","NA"
"2014-02-14 01:00","2014","02","14","01:00","‡","-6.0","","-8.6","","82","","32","","5","","24.1","","97.16","","","","-8","","Cloudy"
"2014-02-14 02:00","2014","02","14","02:00","‡","-5.9","","-8.7","","81","","25","","5","","24.1","","97.08","","","","-8","","NA"
"2014-02-14 03:00","2014","02","14","03:00","‡","-6.0","","-8.1","","85","","27","","7","","24.1","","96.96","","","","-9","","NA"
"2014-02-14 04:00","2014","02","14","04:00","‡","-6.7","","-8.7","","86","","26","","8","","19.3","","96.90","","","","-11","","Cloudy"
"2014-02-14 05:00","2014","02","14","05:00","‡","-6.7","","-8.8","","85","","36","","3","","19.3","","96.87","","","","-8","","NA"
"2014-02-14 06:00","2014","02","14","06:00","‡","-7.2","","-8.9","","88","","22","","4","","4.8","","96.88","","","","-9","","Snow Showers"
"2014-02-14 07:00","2014","02","14","07:00","‡","-6.9","","-8.4","","89","","23","","3","","4.0","","96.90","","","","-8","","Snow Showers"
"2014-02-14 08:00","2014","02","14","08:00","‡","-6.6","","-8.1","","89","","27","","4","","4.8","","96.92","","","","-9","","Snow Showers"
"2014-02-14 09:00","2014","02","14","09:00","‡","-6.0","","-7.7","","88","","25","","9","","6.4","","96.96","","","","-10","","Snow Showers"
"2014-02-14 10:00","2014","02","14","10:00","‡","-5.2","","-7.3","","85","","26","","12","","6.4","","97.02","","","","-10","","Snow Showers"
"2014-02-14 11:00","2014","02","14","11:00","‡","-4.1","","-7.2","","79","","29","","16","","9.7","","97.04","","","","-10","","Snow Showers"
"2014-02-14 12:00","2014","02","14","12:00","‡","-3.5","","-7.5","","74","","25","","23","","12.9","","97.14","","","","-10","","NA"
"2014-02-14 13:00","2014","02","14","13:00","‡","-3.8","","-7.3","","77","","25","","23","","12.9","","97.22","","","","-11","","Snow Showers"
"2014-02-14 14:00","2014","02","14","14:00","‡","-3.2","","-7.4","","73","","24","","22","","12.9","","97.26","","","","-10","","Snow Showers"
"2014-02-14 15:00","2014","02","14","15:00","‡","-3.1","","-8.0","","69","","26","","27","","24.1","","97.33","","","","-10","","NA"
"2014-02-14 16:00","2014","02","14","16:00","‡","-3.4","","-7.6","","73","","25","","18","","16.1","","97.41","","","","-9","","Mostly Cloudy"
"2014-02-14 17:00","2014","02","14","17:00","‡","-3.4","","-7.8","","72","","25","","18","","16.1","","97.46","","","","-9","","NA"
"2014-02-14 18:00","2014","02","14","18:00","‡","-3.7","","-7.2","","77","","25","","15","","16.1","","97.58","","","","-9","","NA"
"2014-02-14 19:00","2014","02","14","19:00","‡","-3.8","","-7.3","","77","","24","","14","","9.7","","97.66","","","","-9","","Snow Showers"
"2014-02-14 20:00","2014","02","14","20:00","‡","-4.4","","-6.7","","84","","23","","12","","9.7","","97.64","","","","-9","","Snow Showers"
"2014-02-14 21:00","2014","02","14","21:00","‡","-4.2","","-6.2","","86","","23","","11","","9.7","","97.68","","","","-9","","Snow Showers"
"2014-02-14 22:00","2014","02","14","22:00","‡","-4.1","","-5.8","","88","","24","","9","","8.1","","97.73","","","","-8","","Snow Showers"
"2014-02-14 23:00","2014","02","14","23:00","‡","-4.2","","-6.1","","87","","24","","9","","9.7","","97.74","","","","-8","","Snow Showers"
"2014-02-15 00:00","2014","02","15","00:00","‡","-4.3","","-6.6","","84","","25","","12","","9.7","","97.79","","","","-9","","Snow Showers"
"2014-02-15 01:00","2014","02","15","01:00","‡","-4.7","","-7.2","","83","","25","","13","","9.7","","97.82","","","","-10","","Snow Showers"
"2014-02-15 02:00","2014","02","15","02:00","‡","-5.1","","-7.2","","85","","25","","10","","9.7","","97.81","","","","-9","","Snow Showers"
"2014-02-15 03:00","2014","02","15","03:00","‡","-5.3","","-7.4","","85","","26","","6","","9.7","","97.83","","","","-8","","Snow Showers"
"2014-02-15 04:00","2014","02","15","04:00","‡","-5.3","","-7.6","","84","","28","","7","","9.7","","97.86","","","","-9","","Snow Showers"
"2014-02-15 05:00","2014","02","15","05:00","‡","-5.3","","-8.1","","81","","31","","9","","9.7","","97.93","","","","-9","","Snow Showers"
"2014-02-15 06:00","2014","02","15","06:00","‡","-5.9","","-9.5","","76","","29","","13","","11.3","","97.98","","","","-11","","Snow Showers"
"2014-02-15 07:00","2014","02","15","07:00","‡","-7.6","","-11.1","","76","","29","","13","","24.1","","98.06","","","","-13","","Mainly Clear"
"2014-02-15 08:00","2014","02","15","08:00","‡","-9.2","","-11.9","","81","","28","","15","","24.1","","98.17","","","","-16","","NA"
"2014-02-15 09:00","2014","02","15","09:00","‡","-9.0","","-11.9","","80","","27","","12","","24.1","","98.24","","","","-15","","NA"
"2014-02-15 10:00","2014","02","15","10:00","‡","-7.4","","-12.0","","70","","28","","15","","24.1","","98.28","","","","-14","","Mainly Clear"
"2014-02-15 11:00","2014","02","15","11:00","‡","-7.0","","-12.3","","66","","28","","24","","24.1","","98.33","","","","-15","","NA"
"2014-02-15 12:00","2014","02","15","12:00","‡","-6.6","","-12.7","","62","","30","","16","","24.1","","98.35","","","","-13","","NA"
"2014-02-15 13:00","2014","02","15","13:00","‡","-6.1","","-13.1","","58","","30","","21","","24.1","","98.32","","","","-13","","Clear"
"2014-02-15 14:00","2014","02","15","14:00","‡","-5.9","","-13.1","","57","","29","","21","","24.1","","98.34","","","","-13","","NA"
"2014-02-15 15:00","2014","02","15","15:00","‡","-6.2","","-13.0","","59","","30","","18","","24.1","","98.41","","","","-13","","NA"
"2014-02-15 16:00","2014","02","15","16:00","‡","-6.6","","-13.1","","60","","29","","16","","24.1","","98.47","","","","-13","","Mainly Clear"
"2014-02-15 17:00","2014","02","15","17:00","‡","-7.5","","-13.6","","62","","28","","16","","24.1","","98.52","","","","-14","","NA"
"2014-02-15 18:00","2014","02","15","18:00","‡","-9.3","","-14.0","","69","","27","","15","","24.1","","98.58","","","","-16","","NA"
"2014-02-15 19:00","2014","02","15","19:00","‡","-10.5","","-15.0","","70","","26","","17","","24.1","","98.67","","","","-18","","Clear"
"2014-02-15 20:00","2014","02","15","20:00","‡","-12.1","","-16.2","","72","","26","","11","","24.1","","98.74","","","","-18","","NA"
"2014-02-15 21:00","2014","02","15","21:00","‡","-12.6","","-16.7","","72","","27","","17","","24.1","","98.79","","","","-20","","NA"
"2014-02-15 22:00","2014","02","15","22:00","‡","-13.6","","-17.0","","76","","28","","15","","24.1","","98.81","","","","-21","","Clear"
"2014-02-15 23:00","2014","02","15","23:00","‡","-14.6","","-17.6","","78","","26","","9","","24.1","","98.82","","","","-20","","NA"
"2014-02-16 00:00","2014","02","16","00:00","‡","-14.8","","-17.4","","81","","26","","6","","24.1","","98.79","","","","-19","","NA"
"2014-02-16 01:00","2014","02","16","01:00","‡","-15.3","","-17.4","","84","","27","","6","","24.1","","98.79","","","","-20","","Mostly Cloudy"
"2014-02-16 02:00","2014","02","16","02:00","‡","-16.1","","-18.2","","84","","23","","8","","24.1","","98.79","","","","-22","","NA"
"2014-02-16 03:00","2014","02","16","03:00","‡","-17.8","","-19.7","","85","","27","","3","","24.1","","98.75","","","","-20","","NA"
"2014-02-16 04:00","2014","02","16","04:00","‡","-17.8","","-19.9","","84","","24","","7","","24.1","","98.73","","","","-23","","Clear"
"2014-02-16 05:00","2014","02","16","05:00","‡","-17.5","","-19.6","","84","","23","","6","","24.1","","98.70","","","","-22","","NA"
"2014-02-16 06:00","2014","02","16","06:00","‡","-17.1","","-19.3","","83","","26","","6","","24.1","","98.70","","","","-22","","NA"
"2014-02-16 07:00","2014","02","16","07:00","‡","-16.1","","-18.4","","83","","36","","3","","4.8","","98.72","","","","-18","","Snow Showers"
"2014-02-16 08:00","2014","02","16","08:00","‡","-14.5","","-16.8","","83","","26","","8","","0.2","","98.83","","","","-20","","Snow"
"2014-02-16 09:00","2014","02","16","09:00","‡","-13.4","","-15.6","","84","","36","","2","","1.6","","98.82","","","","-15","","Snow"
"2014-02-16 10:00","2014","02","16","10:00","‡","-12.4","","-14.4","","85","","36","","3","","1.6","","98.85","","","","-14","","Snow"
"2014-02-16 11:00","2014","02","16","11:00","‡","-11.1","","-13.2","","85","","36","","2","","2.0","","98.85","","","","-12","","Snow"
"2014-02-16 12:00","2014","02","16","12:00","‡","-10.0","","-12.5","","82","","36","","2","","2.4","","98.86","","","","-11","","Snow"
"2014-02-16 13:00","2014","02","16","13:00","‡","-9.3","","-12.6","","77","","36","","2","","4.0","","98.81","","","","-10","","Snow"
"2014-02-16 14:00","2014","02","16","14:00","‡","-8.4","","-12.4","","73","","14","","5","","4.8","","98.79","","","","-11","","Snow"
"2014-02-16 15:00","2014","02","16","15:00","‡","-8.5","","-11.8","","77","","36","","2","","2.8","","98.83","","","","-10","","Snow"
"2014-02-16 16:00","2014","02","16","16:00","‡","-8.4","","-11.3","","80","","","","0","","2.0","","98.90","","","","","","Snow"
"2014-02-16 17:00","2014","02","16","17:00","‡","-9.0","","-11.2","","84","","5","","6","","2.4","","99.02","","","","-12","","Snow"
"2014-02-16 18:00","2014","02","16","18:00","‡","-9.9","","-15.1","","66","","32","","14","","19.3","","99.16","","","","-16","","NA"
"2014-02-16 19:00","2014","02","16","19:00","‡","-11.3","","-16.5","","66","","32","","10","","24.1","","99.31","","","","-17","","Clear"
"2014-02-16 20:00","2014","02","16","20:00","‡","-11.9","","-16.9","","67","","32","","15","","24.1","","99.44","","","","-19","","NA"
"2014-02-16 21:00","2014","02","16","21:00","‡","-12.7","","-17.5","","68","","31","","17","","24.1","","99.53","","","","-21","","NA"
"2014-02-16 22:00","2014","02","16","22:00","‡","-14.1","","-21.3","","55","","33","","15","","24.1","","99.64","","","","-22","","Clear"
"2014-02-16 23:00","2014","02","16","23:00","‡","-15.6","","-22.5","","56","","28","","9","","24.1","","99.74","","","","-22","","NA"
"2014-02-17 00:00","2014","02","17","00:00","‡","-16.3","","-22.2","","61","","28","","10","","24.1","","99.79","","","","-23","","NA"
"2014-02-17 01:00","2014","02","17","01:00","‡","-17.5","","-22.6","","65","","28","","8","","24.1","","99.85","","","","-23","","Clear"
"2014-02-17 02:00","2014","02","17","02:00","‡","-19.5","","-23.5","","71","","25","","8","","24.1","","99.86","","","","-26","","NA"
"2014-02-17 03:00","2014","02","17","03:00","‡","-19.9","","-22.8","","78","","27","","8","","24.1","","99.89","","","","-26","","NA"
"2014-02-17 04:00","2014","02","17","04:00","‡","-20.9","","-23.6","","79","","27","","11","","24.1","","99.93","","","","-29","","Clear"
"2014-02-17 05:00","2014","02","17","05:00","‡","-21.0","","-24.0","","77","","29","","7","","24.1","","100.01","","","","-27","","NA"
"2014-02-17 06:00","2014","02","17","06:00","‡","-22.1","","-24.8","","79","","29","","8","","24.1","","100.01","","","","-29","","NA"
"2014-02-17 07:00","2014","02","17","07:00","‡","-21.4","","-24.3","","78","","35","","8","","24.1","","100.04","","","","-28","","Clear"
"2014-02-17 08:00","2014","02","17","08:00","‡","-22.8","","-25.8","","77","","29","","6","","24.1","","100.12","","","","-28","","NA"
"2014-02-17 09:00","2014","02","17","09:00","‡","-15.5","","-21.1","","63","","1","","6","","24.1","","100.15","","","","-20","","NA"
"2014-02-17 10:00","2014","02","17","10:00","‡","-13.3","","-20.3","","56","","5","","5","","24.1","","100.11","","","","-17","","Mainly Clear"
"2014-02-17 11:00","2014","02","17","11:00","‡","-11.2","","-17.5","","60","","10","","7","","24.1","","100.06","","","","-15","","NA"
"2014-02-17 12:00","2014","02","17","12:00","‡","-10.1","","-15.5","","65","","12","","12","","24.1","","99.93","","","","-16","","NA"
"2014-02-17 13:00","2014","02","17","13:00","‡","-9.4","","-15.4","","62","","11","","15","","24.1","","99.84","","","","-16","","Mostly Cloudy"
"2014-02-17 14:00","2014","02","17","14:00","‡","-9.0","","-15.8","","58","","11","","15","","24.1","","99.74","","","","-16","","NA"
"2014-02-17 15:00","2014","02","17","15:00","‡","-8.7","","-15.8","","57","","7","","22","","24.1","","99.55","","","","-17","","NA"
"2014-02-17 16:00","2014","02","17","16:00","‡","-8.0","","-14.3","","61","","7","","22","","24.1","","99.44","","","","-16","","Cloudy"
"2014-02-17 17:00","2014","02","17","17:00","‡","-7.6","","-13.9","","61","","6","","27","","19.3","","99.28","","","","-16","","NA"
"2014-02-17 18:00","2014","02","17","18:00","‡","-7.0","","-12.7","","64","","6","","36","","19.3","","99.05","","","","-16","","NA"
"2014-02-17 19:00","2014","02","17","19:00","‡","-6.8","","-12.9","","62","","6","","33","","19.3","","98.85","","","","-16","","Cloudy"
"2014-02-17 20:00","2014","02","17","20:00","‡","-6.7","","-13.0","","61","","6","","30","","24.1","","98.72","","","","-15","","NA"
"2014-02-17 21:00","2014","02","17","21:00","‡","-6.6","","-12.9","","61","","6","","30","","24.1","","98.57","","","","-15","","NA"
"2014-02-17 22:00","2014","02","17","22:00","‡","-6.1","","-12.5","","61","","6","","36","","19.3","","98.18","","","","-15","","Snow Showers"
"2014-02-17 23:00","2014","02","17","23:00","‡","-6.4","","-10.8","","71","","6","","22","","4.0","","98.12","","","","-14","","Snow,Blowing Snow"
"2014-02-18 00:00","2014","02","18","00:00","‡","-6.4","","-8.4","","86","","9","","17","","0.8","","97.99","","","","-13","","Snow,Blowing Snow"
"2014-02-18 01:00","2014","02","18","01:00","‡","-4.2","","-5.5","","91","","13","","19","","1.2","","97.86","","","","-10","","Snow,Blowing Snow"
"2014-02-18 02:00","2014","02","18","02:00","‡","-4.2","","-5.6","","90","","12","","20","","9.7","","97.74","","","","-11","","Snow,Blowing Snow"
"2014-02-18 03:00","2014","02","18","03:00","‡","-3.7","","-5.6","","87","","15","","25","","1.2","","97.63","","","","-11","","Snow,Blowing Snow"
"2014-02-18 04:00","2014","02","18","04:00","‡","-2.9","","-4.2","","91","","17","","21","","3.6","","97.58","","","","-9","","Snow,Blowing Snow"
"2014-02-18 05:00","2014","02","18","05:00","‡","-2.0","","-4.2","","85","","20","","22","","12.9","","97.56","","","","-8","","Snow,Blowing Snow"
"2014-02-18 06:00","2014","02","18","06:00","‡","-2.7","","-4.4","","88","","21","","24","","3.6","","97.61","","","","-9","","Snow"
"2014-02-18 07:00","2014","02","18","07:00","‡","-3.1","","-4.8","","88","","23","","34","","4.8","","97.68","","","","-11","","Snow"
"2014-02-18 08:00","2014","02","18","08:00","‡","-3.6","","-5.9","","84","","25","","28","","6.4","","97.87","","","","-11","","Snow,Blowing Snow"
"2014-02-18 09:00","2014","02","18","09:00","‡","-5.0","","-7.8","","81","","24","","30","","6.4","","98.01","","","","-13","","Snow,Blowing Snow"
"2014-02-18 10:00","2014","02","18","10:00","‡","-5.5","","-8.3","","81","","24","","31","","2.8","","98.14","","","","-14","","Snow,Blowing Snow"
"2014-02-18 11:00","2014","02","18","11:00","‡","-5.5","","-8.4","","80","","25","","43","","2.8","","98.28","","","","-15","","Snow,Blowing Snow"
"2014-02-18 12:00","2014","02","18","12:00","‡","-4.8","","-8.2","","77","","26","","36","","12.9","","98.40","","","","-13","","Snow,Blowing Snow"
"2014-02-18 13:00","2014","02","18","13:00","‡","-4.7","","-8.8","","73","","24","","33","","24.1","","98.47","","","","-13","","Blowing Snow"
"2014-02-18 14:00","2014","02","18","14:00","‡","-4.3","","-9.0","","70","","24","","24","","24.1","","98.56","","","","-11","","NA"
"2014-02-18 15:00","2014","02","18","15:00","‡","-3.9","","-9.2","","67","","24","","26","","24.1","","98.55","","","","-11","","NA"
"2014-02-18 16:00","2014","02","18","16:00","‡","-4.2","","-9.8","","65","","25","","27","","24.1","","98.59","","","","-12","","Clear"
"2014-02-18 17:00","2014","02","18","17:00","‡","-4.0","","-9.7","","65","","23","","23","","24.1","","98.59","","","","-11","","NA"
"2014-02-18 18:00","2014","02","18","18:00","‡","-4.4","","-7.8","","77","","22","","22","","16.1","","98.61","","","","-11","","NA"
"2014-02-18 19:00","2014","02","18","19:00","‡","-4.3","","-7.3","","80","","21","","17","","12.9","","98.54","","","","-10","","Mostly Cloudy"
"2014-02-18 20:00","2014","02","18","20:00","‡","-5.3","","-7.9","","82","","19","","10","","12.9","","98.44","","","","-10","","NA"
"2014-02-18 21:00","2014","02","18","21:00","‡","-4.3","","-6.9","","82","","17","","17","","12.9","","98.29","","","","-10","","NA"
"2014-02-18 22:00","2014","02","18","22:00","‡","-5.0","","-7.1","","85","","20","","5","","12.9","","98.36","","","","-7","","Cloudy"
"2014-02-18 23:00","2014","02","18","23:00","‡","-4.3","","-6.3","","86","","16","","9","","12.9","","98.23","","","","-8","","NA"
"2014-02-19 00:00","2014","02","19","00:00","‡","-4.4","","-6.9","","83","","13","","10","","12.9","","98.06","","","","-9","","NA"
"2014-02-19 01:00","2014","02","19","01:00","‡","-4.3","","-6.6","","84","","10","","10","","12.9","","97.91","","","","-8","","Mostly Cloudy"
"2014-02-19 02:00","2014","02","19","02:00","‡","-3.1","","-6.1","","80","","9","","9","","12.9","","97.78","","","","-7","","NA"
"2014-02-19 03:00","2014","02","19","03:00","‡","-2.3","","-5.5","","79","","14","","9","","19.3","","97.66","","","","-6","","NA"
"2014-02-19 04:00","2014","02","19","04:00"
"2014-02-19 05:00","2014","02","19","05:00","‡","-0.2","","-4.8","","71","","19","","14","","19.3","","97.42","","","","-4","","NA"
"2014-02-19 06:00","2014","02","19","06:00","‡","0.3","","-4.7","","69","","20","","14","","24.1","","97.35","","","","","","NA"
"2014-02-19 07:00","2014","02","19","07:00","‡","-0.7","","-5.3","","71","","22","","9","","24.1","","97.36","","","","-4","","Mainly Clear"
"2014-02-19 08:00","2014","02","19","08:00","‡","-0.5","","-4.9","","72","","23","","7","","24.1","","97.42","","","","-3","","NA"
"2014-02-19 09:00","2014","02","19","09:00","‡","-0.9","","-5.3","","72","","25","","10","","24.1","","97.44","","","","-4","","NA"
"2014-02-19 10:00","2014","02","19","10:00","‡","1.3","","-4.0","","68","","25","","15","","24.1","","97.45","","","","","","Mostly Cloudy"
"2014-02-19 11:00","2014","02","19","11:00","‡","2.7","","-3.0","","66","","27","","16","","24.1","","97.47","","","","","","NA"
"2014-02-19 12:00","2014","02","19","12:00","‡","3.4","","-3.0","","63","","26","","19","","24.1","","97.52","","","","","","NA"
"2014-02-19 13:00","2014","02","19","13:00","‡","3.9","","-2.7","","62","","27","","23","","24.1","","97.54","","","","","","Mostly Cloudy"
"2014-02-19 14:00","2014","02","19","14:00","‡","3.1","","-2.2","","68","","29","","36","","16.1","","97.65","","","","","","NA"
"2014-02-19 15:00","2014","02","19","15:00","‡","1.0","","-0.5","","90","","27","","18","","4.8","","97.80","","","","","","Snow Showers,Fog"
"2014-02-19 16:00","2014","02","19","16:00","‡","2.5","","-1.5","","75","","27","","24","","9.7","","98.00","","","","","","Haze"
"2014-02-19 17:00","2014","02","19","17:00","‡","1.4","","-3.1","","72","","26","","27","","9.7","","98.19","","","","","","Haze"
"2014-02-19 18:00","2014","02","19","18:00","‡","-0.1","","-3.8","","76","","27","","24","","12.9","","98.36","","","","-6","","NA"
"2014-02-19 19:00","2014","02","19","19:00","‡","-0.9","","-3.9","","80","","26","","14","","11.3","","98.58","","","","-5","","Clear"
"2014-02-19 20:00","2014","02","19","20:00","‡","-2.2","","-4.5","","84","","21","","16","","11.3","","98.72","","","","-7","","NA"
"2014-02-19 21:00","2014","02","19","21:00","‡","-2.9","","-4.8","","87","","22","","12","","9.7","","98.80","","","","-7","","Haze"
"2014-02-19 22:00","2014","02","19","22:00","‡","-3.2","","-4.9","","88","","21","","12","","16.1","","98.85","","","","-8","","Clear"
"2014-02-19 23:00","2014","02","19","23:00","‡","-4.0","","-5.3","","91","","21","","14","","12.9","","98.90","","","","-9","","NA"
"2014-02-20 00:00","2014","02","20","00:00","‡","-4.6","","-5.6","","93","","20","","13","","6.4","","98.88","","","","-10","","Fog"
"2014-02-20 01:00","2014","02","20","01:00","‡","-5.0","","-5.7","","95","","22","","12","","1.2","","98.90","","","","-10","","Fog"
"2014-02-20 02:00","2014","02","20","02:00","‡","-5.5","","-6.3","","94","","24","","12","","1.2","","98.91","","","","-10","","Fog"
"2014-02-20 03:00","2014","02","20","03:00","‡","-5.3","","-6.1","","94","","23","","11","","0.2","","98.96","","","","-10","","Freezing Fog"
"2014-02-20 04:00","2014","02","20","04:00","‡","-5.3","","-6.3","","93","","25","","10","","0.2","","98.96","","","","-10","","Freezing Fog"
"2014-02-20 05:00","2014","02","20","05:00","‡","-5.4","","-6.4","","93","","24","","10","","0.0","","98.99","","","","-10","","Freezing Fog"
"2014-02-20 06:00","2014","02","20","06:00","‡","-6.2","","-7.2","","93","","23","","7","","0.0","","99.04","","","","-10","","Freezing Fog"
"2014-02-20 07:00","2014","02","20","07:00","‡","-5.0","","-6.0","","93","","20","","9","","2.4","","99.05","","","","-9","","Fog"
"2014-02-20 08:00","2014","02","20","08:00","‡","-4.5","","-5.3","","94","","20","","11","","1.6","","99.05","","","","-9","","Fog"
"2014-02-20 09:00","2014","02","20","09:00","‡","-3.2","","-4.0","","94","","20","","6","","2.4","","99.04","","","","-6","","Fog"
"2014-02-20 10:00","2014","02","20","10:00","‡","-2.6","","-3.3","","95","","36","","3","","2.4","","98.99","","","","-4","","Fog"
"2014-02-20 11:00","2014","02","20","11:00","‡","-1.5","","-2.2","","95","","6","","12","","3.2","","98.90","","","","-6","","Fog"
"2014-02-20 12:00","2014","02","20","12:00","‡","-0.5","","-1.1","","96","","5","","12","","6.4","","98.82","","","","-4","","Fog"
"2014-02-20 13:00","2014","02","20","13:00","‡","-0.3","","-1.2","","94","","6","","21","","6.4","","98.70","","","","-6","","Fog"
"2014-02-20 14:00","2014","02","20","14:00","‡","-0.4","","-1.5","","92","","5","","30","","4.8","","98.49","","","","-7","","Fog"
"2014-02-20 15:00","2014","02","20","15:00","‡","-0.2","","-1.2","","93","","6","","28","","2.0","","98.53","","","","-7","","Snow Showers,Fog"
"2014-02-20 16:00","2014","02","20","16:00","‡","-0.1","","-0.8","","95","","7","","26","","0.4","","98.42","","","","-6","","Moderate Snow Showers,Fog"
"2014-02-20 17:00","2014","02","20","17:00","‡","0.1","","-0.5","","96","","7","","27","","3.2","","98.34","","","","","","Rain Showers,Snow Showers,Fog"
"2014-02-20 18:00","2014","02","20","18:00","‡","-0.2","","-0.8","","96","","5","","29","","0.0","","98.23","","","","-7","","Moderate Freezing Rain,Snow Showers,Freezing Fog"
"2014-02-20 19:00","2014","02","20","19:00","‡","0.0","","-0.4","","97","","5","","35","","1.6","","98.13","","","","-7","","Freezing Rain,Fog"
"2014-02-20 20:00","2014","02","20","20:00","‡","0.1","","-0.3","","97","","6","","36","","0.4","","97.98","","","","","","Freezing Rain,Fog"
"2014-02-20 21:00","2014","02","20","21:00","‡","0.3","","-0.4","","","M","1","","32","","4.8","","97.86","","","","","","Thunderstorms,Moderate Freezing Rain,Fog"
"2014-02-20 22:00","2014","02","20","22:00","‡","0.4","","0.2","","","M","5","","28","","4.0","","97.77","","","","","","Thunderstorms,Freezing Rain,Fog"
"2014-02-20 23:00","2014","02","20","23:00","‡","0.4","","0.4","","","M","5","","28","","0.2","","97.64","","","","","","Rain Showers,Fog"
"2014-02-21 00:00","2014","02","21","00:00","‡","0.5","","0.5","","100","","5","","28","","0.2","","97.54","","","","","","Rain Showers,Fog"
"2014-02-21 01:00","2014","02","21","01:00","‡","1.1","","1.1","","100","","9","","22","","0.4","","97.43","","","","","","Rain Showers,Fog"
"2014-02-21 02:00","2014","02","21","02:00","‡","1.2","","1.0","","","M","9","","28","","2.0","","97.38","","","","","","Rain Showers,Fog"
"2014-02-21 03:00","2014","02","21","03:00","‡","0.7","","0.3","","97","","5","","22","","2.0","","97.26","","","","","","Rain Showers,Fog"
"2014-02-21 04:00","2014","02","21","04:00","‡","0.6","","0.2","","97","","4","","11","","1.0","","97.15","","","","","","Rain Showers,Fog"
"2014-02-21 05:00","2014","02","21","05:00","‡","0.9","","0.5","","97","","5","","15","","2.0","","97.03","","","","","","Rain Showers,Fog"
"2014-02-21 06:00","2014","02","21","06:00","‡","1.0","","0.6","","97","","36","","5","","0.6","","97.04","","","","","","Rain Showers,Fog"
"2014-02-21 07:00","2014","02","21","07:00","‡","2.4","","2.1","","98","","23","","39","","6.4","","97.13","","","","","","Rain Showers,Fog"
"2014-02-21 08:00","2014","02","21","08:00","‡","1.7","","0.7","","93","","24","","35","","19.3","","97.18","","","","","","Rain Showers"
"2014-02-21 09:00","2014","02","21","09:00","‡","1.5","","-0.8","","85","","24","","41","","8.1","","97.37","","","","","","Snow Showers"
"2014-02-21 10:00","2014","02","21","10:00","‡","1.4","","-0.8","","85","","22","","35","","16.1","","97.34","","","","","","Snow Showers"
"2014-02-21 11:00","2014","02","21","11:00","‡","2.2","","-1.4","","77","","22","","45","","24.1","","97.31","","","","","","NA"
"2014-02-21 12:00","2014","02","21","12:00","‡","2.9","","-2.4","","68","","22","","50","","24.1","","97.32","","","","","","NA"
"2014-02-21 13:00","2014","02","21","13:00","‡","3.2","","-3.0","","64","","22","","57","","24.1","","97.26","","","","","","Mostly Cloudy"
"2014-02-21 14:00","2014","02","21","14:00","‡","2.3","","-2.2","","72","","23","","51","","16.1","","97.27","","","","","","Snow Showers"
"2014-02-21 15:00","2014","02","21","15:00","‡","3.0","","-3.6","","62","","23","","53","","16.1","","97.26","","","","","","NA"
"2014-02-21 16:00","2014","02","21","16:00","‡","2.5","","-3.8","","63","","23","","49","","19.3","","97.36","","","","","","Mainly Clear"
"2014-02-21 17:00","2014","02","21","17:00","‡","1.8","","-4.5","","63","","23","","55","","24.1","","97.41","","","","","","NA"
"2014-02-21 18:00","2014","02","21","18:00","‡","1.1","","-5.2","","63","","23","","53","","24.1","","97.47","","","","","","NA"
"2014-02-21 19:00","2014","02","21","19:00","‡","0.8","","-4.8","","66","","23","","54","","24.1","","97.57","","","","","","Mostly Cloudy"
"2014-02-21 20:00","2014","02","21","20:00","‡","0.8","","-4.6","","67","","23","","49","","24.1","","97.62","","","","","","NA"
"2014-02-21 21:00","2014","02","21","21:00","‡","0.3","","-5.7","","64","","23","","57","","24.1","","97.66","","","","","","NA"
"2014-02-21 22:00","2014","02","21","22:00","‡","0.1","","-6.1","","63","","23","","56","","24.1","","97.71","","","","","","Clear"
"2014-02-21 23:00","2014","02","21","23:00","‡","-0.1","","-6.5","","62","","23","","47","","24.1","","97.75","","","","-8","","NA"
"2014-02-22 00:00","2014","02","22","00:00","‡","-0.4","","-7.7","","58","","24","","43","","24.1","","97.81","","","","-8","","NA"
"2014-02-22 01:00","2014","02","22","01:00","‡","-0.4","","-7.5","","59","","23","","45","","24.1","","97.84","","","","-8","","Clear"
"2014-02-22 02:00","2014","02","22","02:00","‡","0.1","","-7.0","","59","","23","","39","","24.1","","97.87","","","","","","NA"
"2014-02-22 03:00","2014","02","22","03:00","‡","0.2","","-5.4","","66","","22","","39","","24.1","","97.85","","","","","","NA"
"2014-02-22 04:00","2014","02","22","04:00","‡","0.3","","-4.5","","70","","22","","36","","24.1","","97.81","","","","","","Mostly Cloudy"
"2014-02-22 05:00","2014","02","22","05:00","‡","0.8","","-2.8","","77","","23","","44","","9.7","","97.82","","","","","","Snow Showers"
"2014-02-22 06:00","2014","02","22","06:00","‡","1.0","","-3.5","","72","","21","","24","","24.1","","97.80","","","","","","Snow Showers"
"2014-02-22 07:00","2014","02","22","07:00","‡","1.0","","-5.3","","63","","22","","39","","24.1","","97.76","","","","","","Mainly Clear"
"2014-02-22 08:00","2014","02","22","08:00","‡","1.4","","-4.5","","65","","23","","40","","24.1","","97.88","","","","","","NA"
"2014-02-22 09:00","2014","02","22","09:00","‡","1.7","","-4.8","","62","","24","","45","","24.1","","97.94","","","","","","NA"
"2014-02-22 10:00","2014","02","22","10:00","‡","1.7","","-6.4","","55","","24","","47","","24.1","","98.00","","","","","","Clear"
"2014-02-22 11:00","2014","02","22","11:00","‡","1.7","","-8.5","","47","","24","","52","","24.1","","98.04","","","","","","NA"
"2014-02-22 12:00","2014","02","22","12:00","‡","1.3","","-10.9","","40","","24","","37","","24.1","","98.13","","","","","","NA"
"2014-02-22 13:00","2014","02","22","13:00","‡","1.1","","-11.7","","38","","25","","45","","24.1","","98.14","","","","","","Mainly Clear"
"2014-02-22 14:00","2014","02","22","14:00","‡","1.4","","-11.1","","39","","25","","41","","24.1","","98.16","","","","","","NA"
"2014-02-22 15:00","2014","02","22","15:00","‡","1.1","","-9.3","","46","","23","","43","","24.1","","98.22","","","","","","NA"
"2014-02-22 16:00","2014","02","22","16:00","‡","0.6","","-7.7","","54","","23","","36","","24.1","","98.26","","","","","","Mostly Cloudy"
"2014-02-22 17:00","2014","02","22","17:00","‡","-0.1","","-7.4","","58","","23","","33","","24.1","","98.29","","","","-7","","NA"
"2014-02-22 18:00","2014","02","22","18:00","‡","-0.2","","-6.8","","61","","23","","30","","24.1","","98.31","","","","-7","","NA"
"2014-02-22 19:00","2014","02","22","19:00","‡","-0.6","","-6.8","","63","","23","","28","","24.1","","98.37","","","","-7","","Mostly Cloudy"
"2014-02-22 20:00","2014","02","22","20:00","‡","-0.2","","-6.8","","61","","22","","35","","24.1","","98.37","","","","-7","","NA"
"2014-02-22 21:00","2014","02","22","21:00","‡","-0.4","","-6.8","","62","","23","","30","","24.1","","98.40","","","","-7","","NA"
"2014-02-22 22:00","2014","02","22","22:00","‡","-0.2","","-6.8","","61","","23","","30","","24.1","","98.43","","","","-7","","Mostly Cloudy"
"2014-02-22 23:00","2014","02","22","23:00","‡","0.0","","-6.9","","60","","24","","31","","24.1","","98.42","","","","-7","","NA"
"2014-02-23 00:00","2014","02","23","00:00","‡","-0.7","","-7.1","","62","","25","","24","","24.1","","98.41","","","","-7","","NA"
"2014-02-23 01:00","2014","02","23","01:00","‡","-1.2","","-7.8","","61","","25","","21","","24.1","","98.45","","","","-7","","Cloudy"
"2014-02-23 02:00","2014","02","23","02:00","‡","-1.5","","-8.7","","58","","25","","18","","24.1","","98.48","","","","-7","","NA"
"2014-02-23 03:00","2014","02","23","03:00","‡","-1.8","","-10.7","","51","","25","","23","","24.1","","98.51","","","","-8","","NA"
"2014-02-23 04:00","2014","02","23","04:00","‡","-2.7","","-11.3","","52","","25","","22","","24.1","","98.50","","","","-9","","Mostly Cloudy"
"2014-02-23 05:00","2014","02","23","05:00","‡","-2.9","","-11.5","","52","","25","","26","","24.1","","98.51","","","","-10","","NA"
"2014-02-23 06:00","2014","02","23","06:00","‡","-4.2","","-11.5","","57","","25","","24","","24.1","","98.59","","","","-11","","NA"
"2014-02-23 07:00","2014","02","23","07:00","‡","-4.8","","-11.4","","60","","24","","24","","24.1","","98.59","","","","-12","","Mainly Clear"
"2014-02-23 08:00","2014","02","23","08:00","‡","-4.2","","-10.7","","61","","25","","27","","24.1","","98.62","","","","-12","","NA"
"2014-02-23 09:00","2014","02","23","09:00","‡","-3.3","","-9.8","","61","","26","","28","","24.1","","98.64","","","","-11","","NA"
"2014-02-23 10:00","2014","02","23","10:00","‡","-3.0","","-9.7","","60","","25","","33","","24.1","","98.68","","","","-11","","Mostly Cloudy"
"2014-02-23 11:00","2014","02","23","11:00","‡","-3.0","","-9.3","","62","","24","","26","","24.1","","98.63","","","","-10","","NA"
"2014-02-23 12:00","2014","02","23","12:00","‡","-2.2","","-9.8","","56","","23","","31","","24.1","","98.57","","","","-9","","NA"
"2014-02-23 13:00","2014","02","23","13:00","‡","-1.7","","-9.6","","55","","25","","30","","24.1","","98.51","","","","-9","","Mainly Clear"
"2014-02-23 14:00","2014","02","23","14:00","‡","-1.6","","-9.5","","55","","25","","26","","24.1","","98.46","","","","-8","","NA"
"2014-02-23 15:00","2014","02","23","15:00","‡","-1.4","","-9.8","","53","","25","","28","","24.1","","98.47","","","","-8","","NA"
"2014-02-23 16:00","2014","02","23","16:00","‡","-1.8","","-11.2","","49","","26","","33","","24.1","","98.48","","","","-9","","Mainly Clear"
"2014-02-23 17:00","2014","02","23","17:00","‡","-2.8","","-11.4","","52","","26","","25","","24.1","","98.49","","","","-10","","NA"
"2014-02-23 18:00","2014","02","23","18:00","‡","-3.8","","-11.8","","54","","26","","21","","24.1","","98.52","","","","-10","","NA"
"2014-02-23 19:00","2014","02","23","19:00","‡","-5.2","","-11.4","","62","","25","","15","","24.1","","98.55","","","","-11","","Mainly Clear"
"2014-02-23 20:00","2014","02","23","20:00","‡","-5.8","","-11.8","","63","","25","","14","","24.1","","98.55","","","","-11","","NA"
"2014-02-23 21:00","2014","02","23","21:00","‡","-6.9","","-12.2","","66","","25","","10","","24.1","","98.54","","","","-12","","NA"
"2014-02-23 22:00","2014","02","23","22:00","‡","-6.8","","-12.5","","64","","25","","18","","24.1","","98.55","","","","-13","","Mainly Clear"
"2014-02-23 23:00","2014","02","23","23:00","‡","-6.0","","-12.4","","61","","27","","20","","24.1","","98.56","","","","-13","","NA"
"2014-02-24 00:00","2014","02","24","00:00","‡","-6.1","","-11.7","","65","","28","","21","","8.1","","98.57","","","","-13","","Snow Showers"
"2014-02-24 01:00","2014","02","24","01:00","‡","-6.6","","-12.3","","64","","27","","26","","24.1","","98.58","","","","-15","","Snow Showers"
"2014-02-24 02:00","2014","02","24","02:00","‡","-7.1","","-11.7","","70","","25","","15","","24.1","","98.57","","","","-13","","NA"
"2014-02-24 03:00","2014","02","24","03:00","‡","-7.4","","-11.3","","74","","24","","19","","24.1","","98.55","","","","-14","","NA"
"2014-02-24 04:00","2014","02","24","04:00","‡","-7.6","","-10.0","","83","","24","","16","","24.1","","98.53","","","","-14","","Cloudy"
"2014-02-24 05:00","2014","02","24","05:00","‡","-7.6","","-9.7","","85","","23","","18","","4.8","","98.52","","","","-14","","Snow Showers"
"2014-02-24 06:00","2014","02","24","06:00","‡","-7.6","","-10.2","","82","","25","","21","","8.1","","98.52","","","","-15","","Snow Showers"
"2014-02-24 07:00","2014","02","24","07:00","‡","-7.6","","-10.5","","80","","","","","M","8.1","","98.57","","","","","","Snow Showers"
"2014-02-24 08:00","2014","02","24","08:00","‡","-8.8","","-12.8","","73","","29","","14","","6.4","","98.65","","","","-15","","Snow Showers"
"2014-02-24 09:00","2014","02","24","09:00","‡","-8.5","","-12.9","","71","","27","","23","","16.1","","98.69","","","","-17","","Snow Showers"
"2014-02-24 10:00","2014","02","24","10:00","‡","-8.4","","-13.7","","66","","26","","21","","24.1","","98.73","","","","-16","","Mostly Cloudy"
"2014-02-24 11:00","2014","02","24","11:00","‡","-7.7","","-14.0","","61","","27","","22","","16.1","","98.77","","","","-15","","Snow Showers"
"2014-02-24 12:00","2014","02","24","12:00","‡","-7.4","","-14.3","","58","","29","","20","","24.1","","98.79","","","","-15","","NA"
"2014-02-24 13:00","2014","02","24","13:00","‡","-7.8","","-14.1","","61","","29","","23","","24.1","","98.79","","","","-16","","Snow Showers"
"2014-02-24 14:00","2014","02","24","14:00","‡","-7.6","","-13.7","","62","","26","","23","","24.1","","98.76","","","","-15","","NA"
"2014-02-24 15:00","2014","02","24","15:00","‡","-7.5","","-14.6","","57","","28","","25","","24.1","","98.80","","","","-16","","NA"
"2014-02-24 16:00","2014","02","24","16:00","‡","-7.5","","-14.2","","59","","28","","23","","24.1","","98.85","","","","-15","","Mostly Cloudy"
"2014-02-24 17:00","2014","02","24","17:00","‡","-7.6","","-14.5","","58","","28","","27","","24.1","","98.92","","","","-16","","NA"
"2014-02-24 18:00","2014","02","24","18:00","‡","-8.1","","-14.0","","63","","26","","20","","24.1","","98.96","","","","-15","","NA"
"2014-02-24 19:00","2014","02","24","19:00","‡","-8.4","","-12.4","","73","","26","","15","","9.7","","99.00","","","","-15","","Snow Showers"
"2014-02-24 20:00","2014","02","24","20:00","‡","-8.7","","-11.4","","81","","25","","10","","6.4","","98.99","","","","-14","","Snow Showers"
"2014-02-24 21:00","2014","02","24","21:00","‡","-9.0","","-11.4","","83","","25","","8","","9.7","","98.99","","","","-13","","Snow Showers"
"2014-02-24 22:00","2014","02","24","22:00","‡","-8.8","","-11.5","","81","","25","","16","","8.1","","98.97","","","","-16","","Snow Showers"
"2014-02-24 23:00","2014","02","24","23:00","‡","-8.8","","-12.0","","78","","25","","17","","12.9","","98.95","","","","-16","","Snow Showers"
"2014-02-25 00:00","2014","02","25","00:00","‡","-9.0","","-13.0","","73","","26","","20","","19.3","","98.92","","","","-17","","Snow Showers"
"2014-02-25 01:00","2014","02","25","01:00","‡","-9.3","","-13.6","","71","","27","","22","","24.1","","98.92","","","","-17","","Mostly Cloudy"
"2014-02-25 02:00","2014","02","25","02:00","‡","-10.3","","-14.3","","73","","27","","18","","24.1","","98.91","","","","-18","","NA"
"2014-02-25 03:00","2014","02","25","03:00","‡","-10.6","","-14.6","","73","","28","","13","","24.1","","98.89","","","","-17","","NA"
"2014-02-25 04:00","2014","02","25","04:00","‡","-10.7","","-15.2","","70","","26","","8","","24.1","","98.89","","","","-15","","Mostly Cloudy"
"2014-02-25 05:00","2014","02","25","05:00","‡","-10.8","","-16.2","","65","","27","","11","","24.1","","98.87","","","","-17","","NA"
"2014-02-25 06:00","2014","02","25","06:00","‡","-11.3","","-16.5","","66","","23","","11","","24.1","","98.88","","","","-17","","NA"
"2014-02-25 07:00","2014","02","25","07:00","‡","-11.7","","-16.7","","67","","26","","20","","24.1","","98.89","","","","-20","","Cloudy"
"2014-02-25 08:00","2014","02","25","08:00","‡","-11.8","","-16.8","","67","","27","","17","","24.1","","98.93","","","","-19","","NA"
"2014-02-25 09:00","2014","02","25","09:00","‡","-11.4","","-16.7","","65","","26","","16","","24.1","","98.94","","","","-19","","NA"
"2014-02-25 10:00","2014","02","25","10:00","‡","-10.3","","-16.5","","61","","26","","22","","24.1","","98.94","","","","-19","","Mostly Cloudy"
"2014-02-25 11:00","2014","02","25","11:00","‡","-9.5","","-15.7","","61","","24","","28","","24.1","","98.93","","","","-19","","NA"
"2014-02-25 12:00","2014","02","25","12:00","‡","-9.1","","-15.3","","61","","26","","26","","24.1","","98.90","","","","-18","","NA"
"2014-02-25 13:00","2014","02","25","13:00","‡","-8.4","","-14.7","","61","","25","","27","","24.1","","98.83","","","","-17","","Mostly Cloudy"
"2014-02-25 14:00","2014","02","25","14:00","‡","-8.5","","-14.4","","63","","24","","29","","24.1","","98.78","","","","-17","","NA"
"2014-02-25 15:00","2014","02","25","15:00","‡","-8.2","","-14.5","","61","","25","","29","","24.1","","98.75","","","","-17","","NA"
"2014-02-25 16:00","2014","02","25","16:00","‡","-7.6","","-14.7","","57","","26","","22","","24.1","","98.68","","","","-15","","Mostly Cloudy"
"2014-02-25 17:00","2014","02","25","17:00","‡","-8.4","","-15.1","","59","","25","","26","","24.1","","98.64","","","","-17","","NA"
"2014-02-25 18:00","2014","02","25","18:00","‡","-8.5","","-13.8","","66","","24","","17","","24.1","","98.66","","","","-15","","NA"
"2014-02-25 19:00","2014","02","25","19:00","‡","-8.8","","-13.3","","70","","21","","13","","24.1","","98.55","","","","-15","","Mostly Cloudy"
"2014-02-25 20:00","2014","02","25","20:00","‡","-9.1","","-12.3","","78","","21","","20","","24.1","","98.50","","","","-17","","NA"
"2014-02-25 21:00","2014","02","25","21:00","‡","-8.7","","-12.2","","76","","21","","22","","12.9","","98.38","","","","-17","","Snow Showers"
"2014-02-25 22:00","2014","02","25","22:00","‡","-8.2","","-11.4","","78","","21","","23","","12.9","","98.30","","","","-16","","Snow Showers"
"2014-02-25 23:00","2014","02","25","23:00","‡","-9.0","","-11.9","","80","","28","","30","","6.4","","98.32","","","","-18","","Snow Showers"
"2014-02-26 00:00","2014","02","26","00:00","‡","-10.3","","-15.0","","69","","28","","22","","19.3","","98.30","","","","-19","","Snow Showers"
"2014-02-26 01:00","2014","02","26","01:00","‡","-11.4","","-15.8","","70","","27","","26","","24.1","","98.34","","","","-21","","Mainly Clear"
"2014-02-26 02:00","2014","02","26","02:00","‡","-12.8","","-18.1","","65","","29","","25","","24.1","","98.39","","","","-22","","NA"
"2014-02-26 03:00","2014","02","26","03:00","‡","-13.9","","-19.9","","61","","28","","21","","24.1","","98.41","","","","-23","","NA"
"2014-02-26 04:00","2014","02","26","04:00","‡","-14.6","","-20.6","","61","","28","","15","","24.1","","98.41","","","","-22","","Mainly Clear"
"2014-02-26 05:00","2014","02","26","05:00","‡","-15.6","","-20.8","","65","","27","","15","","24.1","","98.45","","","","-24","","NA"
"2014-02-26 06:00","2014","02","26","06:00","‡","-16.0","","-22.1","","60","","26","","20","","24.1","","98.53","","","","-25","","NA"
"2014-02-26 07:00","2014","02","26","07:00","‡","-16.8","","-22.7","","61","","26","","18","","24.1","","98.56","","","","-26","","Clear"
"2014-02-26 08:00","2014","02","26","08:00","‡","-16.3","","-22.2","","61","","26","","20","","24.1","","98.65","","","","-26","","NA"
"2014-02-26 09:00","2014","02","26","09:00","‡","-15.1","","-21.4","","59","","26","","24","","24.1","","98.71","","","","-25","","NA"
"2014-02-26 10:00","2014","02","26","10:00","‡","-14.4","","-21.4","","56","","28","","28","","24.1","","98.74","","","","-25","","Mainly Clear"
"2014-02-26 11:00","2014","02","26","11:00","‡","-13.8","","-21.7","","52","","26","","33","","24.1","","98.73","","","","-25","","Blowing Snow"
"2014-02-26 12:00","2014","02","26","12:00","‡","-13.7","","-22.0","","50","","26","","28","","24.1","","98.68","","","","-24","","NA"
"2014-02-26 13:00","2014","02","26","13:00","‡","-12.9","","-21.1","","51","","26","","32","","24.1","","98.59","","","","-24","","Mostly Cloudy"
"2014-02-26 14:00","2014","02","26","14:00","‡","-13.1","","-21.3","","51","","24","","32","","24.1","","98.47","","","","-24","","NA"
"2014-02-26 15:00","2014","02","26","15:00","‡","-13.1","","-21.5","","50","","25","","29","","24.1","","98.41","","","","-23","","Blowing Snow"
"2014-02-26 16:00","2014","02","26","16:00","‡","-12.7","","-21.1","","50","","25","","33","","24.1","","98.34","","","","-23","","Blowing Snow"
"2014-02-26 17:00","2014","02","26","17:00","‡","-13.0","","-19.6","","58","","23","","27","","24.1","","98.20","","","","-23","","Blowing Snow"
"2014-02-26 18:00","2014","02","26","18:00","‡","-13.1","","-19.5","","59","","23","","25","","24.1","","98.11","","","","-23","","Blowing Snow"
"2014-02-26 19:00","2014","02","26","19:00","‡","-13.1","","-18.6","","64","","21","","17","","24.1","","98.03","","","","-21","","Mostly Cloudy"
"2014-02-26 20:00","2014","02","26","20:00","‡","-12.6","","-17.5","","67","","20","","20","","24.1","","97.89","","","","-21","","NA"
"2014-02-26 21:00","2014","02","26","21:00","‡","-11.5","","-16.5","","67","","22","","30","","24.1","","97.76","","","","-21","","Blowing Snow"
"2014-02-26 22:00","2014","02","26","22:00","‡","-11.2","","-16.0","","68","","22","","28","","24.1","","97.68","","","","-21","","Blowing Snow"
"2014-02-26 23:00","2014","02","26","23:00","‡","-10.9","","-15.5","","69","","21","","23","","24.1","","97.53","","","","-20","","Snow Showers,Blowing Snow"
"2014-02-27 00:00","2014","02","27","00:00","‡","-10.7","","-15.5","","68","","21","","31","","24.1","","97.39","","","","-21","","Snow Showers,Blowing Snow"
"2014-02-27 01:00","2014","02","27","01:00","‡","-10.4","","-14.2","","74","","23","","26","","9.7","","97.30","","","","-19","","Snow Showers,Blowing Snow"
"2014-02-27 02:00","2014","02","27","02:00","‡","-11.0","","-18.2","","56","","24","","32","","24.1","","97.21","","","","-21","","Blowing Snow"
"2014-02-27 03:00","2014","02","27","03:00","‡","-11.5","","-18.0","","59","","24","","28","","24.1","","97.13","","","","-21","","Blowing Snow"
"2014-02-27 04:00","2014","02","27","04:00","‡","-11.6","","-17.9","","60","","24","","24","","24.1","","97.05","","","","-21","","Blowing Snow"
"2014-02-27 05:00","2014","02","27","05:00","‡","-11.8","","-17.7","","62","","24","","29","","24.1","","97.04","","","","-22","","Blowing Snow"
"2014-02-27 06:00","2014","02","27","06:00","‡","-11.9","","-17.0","","66","","24","","25","","24.1","","97.00","","","","-21","","Snow Showers,Blowing Snow"
"2014-02-27 07:00","2014","02","27","07:00","‡","-12.3","","-15.9","","75","","24","","20","","19.3","","96.96","","","","-21","","Snow Showers"
"2014-02-27 08:00","2014","02","27","08:00","‡","-12.5","","-15.9","","76","","24","","16","","16.1","","96.99","","","","-20","","NA"
"2014-02-27 09:00","2014","02","27","09:00","‡","-11.8","","-15.4","","75","","25","","19","","24.1","","97.03","","","","-20","","NA"
"2014-02-27 10:00","2014","02","27","10:00","‡","-11.8","","-16.9","","66","","31","","38","","3.2","","97.14","","","","-23","","Snow Showers,Blowing Snow"
"2014-02-27 11:00","2014","02","27","11:00","‡","-13.6","","-20.8","","55","","32","","44","","16.1","","97.44","","","","-26","","Snow,Blowing Snow"
"2014-02-27 12:00","2014","02","27","12:00","‡","-13.6","","-22.0","","50","","29","","33","","24.1","","97.67","","","","-25","","NA"
"2014-02-27 13:00","2014","02","27","13:00","‡","-13.5","","-23.6","","43","","29","","34","","24.1","","97.79","","","","-25","","Mostly Cloudy"
"2014-02-27 14:00","2014","02","27","14:00","‡","-14.8","","-24.3","","45","","29","","41","","16.1","","97.99","","","","-27","","Snow Showers,Blowing Snow"
"2014-02-27 15:00","2014","02","27","15:00","‡","-14.0","","-23.8","","44","","28","","31","","24.1","","98.16","","","","-25","","NA"
"2014-02-27 16:00","2014","02","27","16:00","‡","-14.6","","-22.4","","52","","29","","35","","24.1","","98.32","","","","-26","","Mostly Cloudy"
"2014-02-27 17:00","2014","02","27","17:00","‡","-14.9","","-22.9","","51","","29","","28","","24.1","","98.47","","","","-26","","NA"
"2014-02-27 18:00","2014","02","27","18:00","‡","-15.2","","-20.4","","65","","29","","23","","24.1","","98.64","","","","-25","","NA"
"2014-02-27 19:00","2014","02","27","19:00","‡","-15.7","","-21.4","","62","","27","","25","","24.1","","98.80","","","","-26","","Clear"
"2014-02-27 20:00","2014","02","27","20:00","‡","-16.4","","-21.9","","63","","27","","14","","24.1","","98.90","","","","-24","","NA"
"2014-02-27 21:00","2014","02","27","21:00","‡","-16.9","","-22.6","","62","","27","","15","","24.1","","99.01","","","","-25","","NA"
"2014-02-27 22:00","2014","02","27","22:00","‡","-17.5","","-22.6","","65","","27","","12","","24.1","","99.11","","","","-25","","Clear"
"2014-02-27 23:00","2014","02","27","23:00","‡","-18.4","","-22.8","","69","","27","","10","","24.1","","99.18","","","","-25","","NA"
"2014-02-28 00:00","2014","02","28","00:00","‡","-18.6","","-22.8","","70","","28","","8","","24.1","","99.21","","","","-25","","NA"
"2014-02-28 01:00","2014","02","28","01:00","‡","-19.4","","-23.3","","72","","26","","8","","24.1","","99.28","","","","-26","","Clear"
"2014-02-28 02:00","2014","02","28","02:00","‡","-19.8","","-23.3","","74","","26","","8","","24.1","","99.35","","","","-26","","NA"
"2014-02-28 03:00","2014","02","28","03:00","‡","-20.2","","-23.6","","75","","27","","9","","24.1","","99.39","","","","-27","","NA"
"2014-02-28 04:00","2014","02","28","04:00","‡","-20.2","","-23.6","","75","","28","","8","","24.1","","99.44","","","","-26","","Clear"
"2014-02-28 05:00","2014","02","28","05:00","‡","-20.3","","-23.8","","74","","32","","8","","24.1","","99.51","","","","-27","","NA"
"2014-02-28 06:00","2014","02","28","06:00","‡","-21.6","","-24.6","","77","","23","","8","","24.1","","99.60","","","","-28","","NA"
"2014-02-28 07:00","2014","02","28","07:00","‡","-21.5","","-24.4","","78","","27","","4","","24.1","","99.65","","","","-25","","Clear"
"2014-02-28 08:00","2014","02","28","08:00","‡","-21.2","","-24.2","","77","","24","","7","","24.1","","99.78","","","","-27","","NA"
"2014-02-28 09:00","2014","02","28","09:00","‡","-18.8","","-22.5","","73","","24","","8","","24.1","","99.87","","","","-25","","NA"
"2014-02-28 10:00","2014","02","28","10:00","‡","-17.2","","-22.3","","65","","23","","9","","24.1","","99.87","","","","-23","","Mainly Clear"
"2014-02-28 11:00","2014","02","28","11:00","‡","-15.6","","-22.3","","57","","23","","7","","24.1","","99.91","","","","-21","","NA"
"2014-02-28 12:00","2014","02","28","12:00","‡","-14.5","","-21.7","","55","","20","","11","","24.1","","99.90","","","","-21","","NA"
"2014-02-28 13:00","2014","02","28","13:00","‡","-13.5","","-20.5","","56","","19","","14","","24.1","","99.87","","","","-21","","Mainly Clear"
"2014-02-28 14:00","2014","02","28","14:00","‡","-12.8","","-20.3","","54","","20","","12","","24.1","","99.77","","","","-19","","NA"
"2014-02-28 15:00","2014","02","28","15:00","‡","-12.7","","-21.3","","49","","16","","11","","24.1","","99.69","","","","-19","","NA"
"2014-02-28 16:00","2014","02","28","16:00","‡","-12.6","","-21.5","","48","","15","","9","","24.1","","99.65","","","","-18","","Mainly Clear"
"2014-02-28 17:00","2014","02","28","17:00","‡","-12.6","","-21.3","","49","","22","","5","","24.1","","99.64","","","","-16","","NA"
"2014-02-28 18:00","2014","02","28","18:00","‡","-13.2","","-21.6","","50","","11","","8","","24.1","","99.59","","","","-18","","NA"
"2014-02-28 19:00","2014","02","28","19:00","‡","-13.6","","-21.3","","53","","11","","10","","24.1","","99.52","","","","-20","","Mainly Clear"
"2014-02-28 20:00","2014","02","28","20:00","‡","-14.3","","-21.5","","55","","11","","9","","24.1","","99.50","","","","-20","","NA"
"2014-02-28 21:00","2014","02","28","21:00","‡","-12.6","","-23.1","","42","","13","","9","","24.1","","99.51","","","","-18","","NA"
"2014-02-28 22:00","2014","02","28","22:00","‡","-12.9","","-21.8","","48","","9","","8","","24.1","","99.42","","","","-18","","Mostly Cloudy"
"2014-02-28 23:00","2014","02","28","23:00","‡","-13.1","","-21.3","","51","","8","","8","","24.1","","99.34","","","","-18","","NA"
